ID,Sentence
1,i thought i would give them another try since id never ordered a sicilian pizza from there
2,coriolanus why then should i be consul
3,with a kind of smile which neer came from the lungs but even thus for look you i may make the belly smile as well as speakit tauntingly replied to the discontented members the mutinous parts that envied his receipt even so most fitly as you malign our senators for that they are not such as you
4,aufidius if i fly marcius holloa me like a hare
5,classic breakfast joint
6,driving by papa js and w says lets stop in and get a quick dinner
7,new york cnn more than 80 michael jackson collectibles including the late pop stars famous rhinestonestudded glove from a 1983 performance were auctioned off saturday reaping a total 2 million
8,instead the meal that was delivered to both of us was trout with a heaping pile of spinach and mushrooms
9,see our best elders
10,best breakfast spot in the area if you like diner food it is the place to go
11,he said they had a decent reuben but to be prepared to step back in time well seeing as how im kind of addicted to late 40s and early 50s and the whole rat pack scene stepping back in time is a welcomed change in da burghas long as it doesnt involve 1979 which i can see all around me every day and yet another shot at finding a decent reuben in da burghwell thats like hunting the holy grail
12,pittsburgh ambiance
13,sicinius fare you well
14,great people
15,menenius well no more
16,the server then said he would have the meals remade
17,coriolanus think upon me
18,all to the pot i warrant him
19,just mud
20,dont waste your time
21,rather than a thank you or a sorry he just speeds off breaking the speed limit on our block to reach his destination 50 feet away i would call to complain but based on the other reviews its clear the owners do not care about carnegie or its residents and its pretty well known around town just how awful their food is so it would be pointless to boycott a place id never order from again anyway do yourself a favor and order from any other establishment in town
22,the building is in a strip mall across from carnegie coffee company
23,in 1987 when some students believed that the observer began to show a conservative bias a liberal newspaper common sense was published
24,she said yep and then abruptly turned and walked away
25,volumnia ay worthy menenius and with most prosperous approbation
26,menenius not according to the prayer of the people for they love not marcius
27,when the city is really smoggy you cant see the nearby mountains
28,marcius they have a leader tullus aufidius that will put you to t
29,the atmosphere was pleasant in that blue collar bar kind of way and the staff was very nice but not a winning pitch on the reuben the second trip was after a long day of moving furniture with the same friend
30,i am no range expert but this is the 4th one ive been to and the first ive seen of that sort of nickel and diming price for the golf balls was reasonable and i do plan to be back every week until they close up in october for the season
31,my expectations for mcdonalds are t rarely high
32,in 2005 the nephew of the original rescuer found the puppets in a family attic and brought them to be appraised on the pbs series antiques roadshow the times said
33,what authority surfeits on would relieve us if they would yield us but the superfluity while it were wholesome we might guess they relieved us humanely but they think we are too dear the leanness that afflicts us the object of our misery is as an inventory to particularise their abundance our sufferance is a gain to them let us revenge this with our pikes ere we become rakes for the gods know i speak this in hunger for bread not in thirst for revenge
34,brutus sir i hope my words disbenchd you not
35,tis not four days gone since i heard thence these are the words i think i have the letter here yes here it is
36,trying to get your 90 days mail away pharmacy prescriptions through this guy is a joke
37,ill be sworn they are true
38,to recap murphys pour house from 19791985
39,citizens no no no man saw em
40,hoffman ma who bought the glove on behalf of ponte 16 resort in macau paid a 25 percent buyers premium which was tacked onto all final sales over 50000
41,he that trusts to you where he should find you lions finds you hares where foxes geese you are no surer no than is the coal of fire upon the ice or hailstone in the sun
42,i saw him run after a gilded butterfly and when he caught it he let it go again and after it again and over and over he comes and again catched it again or whether his fall enraged him or how twas he did so set his teeth and tear it o i warrant it how he mammocked it
43,it was gross
44,sicinius help ye citizens
45,however our waiter jason said he will do his best to get as out on time
46,for that i have not washd my nose that bled or foild some debile wretch which without note heres many else have done you shout me forth in acclamations hyperbolical as if i loved my little should be dieted in praises sauced with lies
47,virgilia i thank your ladyship well good madam
48,i wouldnt want to see you walk in roll your eyes and say reaaaaaalllly
49,aufidius bolder though not so subtle
50,they neer cared for us yet suffer us to famish and their storehouses crammed with grain make edicts for usury to support usurers repeal daily any wholesome act established against the rich and provide more piercing statutes daily to chain up and restrain the poor
51,how youngly he began to serve his country how long continued and what stock he springs of the noble house o the marcians from whence came that ancus marcius numas daughters son who after great hostilius here was king of the same house publius and quintus were that our beat water brought by conduits hither and twice being was his great ancestor
52,i decided to leave because of a review where the staff seemed distracted or disinterested in my presence the office admin very nice called me to inform i am missing my appointment
53,virgilia indeed madam
54,likewise in 2003 when other students believed that the paper showed a liberal bias the conservative paper irish rover went into production
55,virgilia no good madam pardon me indeed i will not forth
56,i only have two bathrooms at my house and wouldve been hard pressed to accommodate several violently ill people at once
57,it is still light out
58,coriolanus no take more what may be sworn by both divine and human seal what i end withal
59,behold these are the tribunes of the people the tongues o the common mouth i do despise them for they do prank them in authority against all noble sufferance
60,first senator call coriolanus
61,luckily i am able to get around to find everything
62,masters o the people we do request your kindest ears and after your loving motion toward the common body to yield what passes here
63,first soldier i shall sir
64,god save your good worships
65,atop the main buildings gold dome is a golden statue of the virgin mary
66,sicinius the custom of request you have discharged the people do admit you and are summond to meet anon upon your approbation
67,doesnt even taste good as american style chinese food
68,as at most other universities notre dames students run a number of news media outlets
69,the staff is friendly the equipment is quite good
70,dont visit this store if you want pleasant or good service
71,sicinius on the sudden i warrant him consul
72,ive worked at more than one location
73,well it all started in may when we had a man named al come out and talk to us about the process
74,worshipful mutiners your valour puts well forth pray follow
75,therefore beseech you i may be consul
76,cominius taket tis yours
77,cominius where is that slave which told me they had beat you to your trenches
78,as for my country i have shed my blood not fearing outward force so shall my lungs coin words till their decay against those measles which we disdain should tatter us yet sought the very way to catch them
79,i shall tell you a pretty tale it may be you have heard it but since it serves my purpose i will venture to stale t a little more
80,so i take the initiative and ask the fine upstanding gentleman what the phone number of the orderer was phone my neighbor and discover the mistake
81,it is a replica of the grotto at lourdes france where the virgin mary reputedly appeared to saint bernadette soubirous in 1858
82,there is aufidius list what work he makes amongst your cloven army
83,meal was very tasty we will definitely go back
84,lartius worthy sir thou bleedst thy exercise hath been too violent for a second course of fight
85,this place is truly a yinzers dream
86,very inexpensive at 10 for a pair of pants to adjust the hem
87,he also requested a copy of a certificate that the man behind the register was unable to produce
88,all the same
89,went for breakfast on 61614
90,cominius twas from the canon
91,at the end of the main drive and in a direct line that connects through 3 statues and the gold dome is a simple modern stone statue of mary
92,at that point my wife picked out a third option ham and cabbage only to be told again that they were out
93,marcius see here these movers that do prize their hours at a crackd drachm
94,first citizen we are accounted poor citizens the patricians good
95,and a side of that basic brown gravy served up in 5 gallon buckets thank goodness for the basic salad bar even my friend admitted that her pork chops were different and not what shed expected
96,the service there was fabulous as was the meal and the drinks creative and exquisite there are new restaurants that have opened in carnegie as of late
97,you being their mouths why rule you not their teeth
98,he then stuck some pink powder up in the extraction area
99,next to the main building is the basilica of the sacred heart
100,have we no wine here
101,immediately in front of the main building and facing it is a copper statue of christ with arms upraised with the legend venite ad me omnes
102,my main issues with them were that things were not communicated to me properly up front nor was the ongoing process communicated to me
103,brutus seize him aediles
104,here are the highlights cheap breakfast for two can be well under 10 with lunch around the same crowded get there early and expect to wait
105,your good voice sir what say you
106,cnn the longestrunning holiday special still has a very shiny nose
107,they look to have a cool bar area with some modern couches and a really sweet look
108,virgilia but had he died in the business madam how then
109,cominius o well beggd
110,brutus cominius no
111,this the courtier accepted as a good omen
112,my husband got a chicken parm sandwich which is served on a yummy flat bread and i got the chicken basil pizza i got an 8 cut and several ppl tried it we all loved it
113,the rabble should have first unroofd the city ere so prevaild with me it will in time win upon power and throw forth greater themes for insurrections arguing
114,when i was a roofing mechanic wed meet there before work
115,they have nice decornice bar and good bread
116,my lettuce was drowning in the vinegar
117,small so you will want to avoid the church crowd on sundays but the wait is never too long
118,first citizen very well and could be content to give him good report fort but that he pays himself with being proud
119,o gods he has the stamp of marcius and i have beforetime seen him thus
120,and the root canals they said i needed my current dentist and my endodontist both agreed that i do not need tooth canals
121,aedile peace peace
122,they charged us 300 for the coleslaw
123,it usually takes 2 hours of repeated calling to get an answer
124,the actual ravioli was okay enough mushrooms
125,grimy looking hole in the wall located on one end of a seedy looking strip mall
126,i never went back thanks to the attitude of the other members
127,i highly recommend
128,barb is always here
129,marcius as with a man busied about decrees condemning some to death and some to exile ransoming him or pitying threatening the other holding corioli in the name of rome even like a fawning greyhound in the leash to let him slip at will
130,the other side o the city is risen why stay we prating here
131,no flavor or seasoning and the texture was reminiscent of spam
132,the main guy comes back the next day and says they did it wrong
133,immediately behind the basilica is the grotto a marian place of prayer and reflection
134,very disappointed in the customer service
135,volumnia look heres a letter from him the state hath another his wife another and i think theres one at home for you
136,not a straight shooter but an excited salesman that wanted to sell and we bought into it he told us they were backed up with the harsh winter and a lot of jobs but they could probably start by june 24th
137,the mixed grill the sausage and egg on a biscuit the home fries
138,atop the main buildings gold dome is a golden statue of the virgin mary
139,cominius stand fast we have as many friends as enemies
140,sir i pray let me hat i have wounds to show you which shall be yours in private
141,now that is some good service
142,menenius what is granted them
143,lartius thou worthiest marcius
144,he will not give refills and could less about patientss financial situations
145,this double worship where one part does disdain with cause the other insult without all reason where gentry title wisdom cannot conclude but by the yea and no of general ignoranceit must omit real necessities and give way the while to unstable slightness purpose so barrd it follows nothing is done to purpose
146,never would she forget the effect on tull and his men when venters shouted lassiters name
147,first soldier see they have shut him in
148,i am half through the one part sufferd the other will i do
149,absolutely awful service
150,i would not recommend them to anyone
151,lartius no ill nor sell nor give him lend you him i will for half a hundred years
152,the women in this class were very nasty to me and told me that i wasnt welcome to stretch out in their class
153,menenius take my cap jupiter and i thank thee
154,after ending up on the island of misfit toys and wandering for a while rudolph goes on to save his loved ones from the abominable snow monster and guides santa through a blizzard that threatens to ruin christmas
155,you deserve better and they will not be there when you really need them
156,volumnia then his good report should have been my son i therein would have found issue
157,before i finally made it over to this range i heard the same thing from most people its just fine to go work on your swing
158,it was so bad that i only ate 14 of it and tossed the rest
159,where go you with bats and clubs
160,where did everyone go
161,big mistake
162,neat thing is that the grill is right in front of you so you can see your potatoes and eggs frying in a pool of fresh grease
163,does that make you a little worried
164,with other muniments and petty helps in this our fabric if that they menenius what then
165,menenius hes a bear indeed that lives like a lamb
166,have you ever been to some big cities in the world
167,i asked for hot tea they said 10 minutes
168,its not that hard to keep me updated it is 2014 with a million ways to be contacted even though i have a nice deck after i clean things up myself
169,herald know rome that all alone marcius did fight within corioli gates where he hath won with fame a name to caius marcius these in honour follows coriolanus
170,aufidius is it not yours
171,cheap unpretentious and for this one of my favorite breakfast joints in the country
172,after waiting for almost 30 minutes to trade in an old phone part of the buy back program our customer service rep incorrectly processed the transaction
173,sicinius twere well we let the people knowt
174,my boyfriend got the fish sandwich he enjoyed it as well
175,marcius go get you home you fragments
176,now thats fresh we want to return sometime for turkey day apparently they made fresh turkey every tuesday
177,atop the main buildings gold dome is a golden statue of the virgin mary
178,immediately behind the basilica is the grotto a marian place of prayer and reflection
179,they said they were anhungry sighd forth proverbs that hunger broke stone walls that dogs must eat that meat was made for mouths that the gods sent not corn for the rich men only with these shreds they vented their complainings which being answerd and a petition granted them a strange one to break the heart of generosity and make bold power look palethey threw their caps as they would hang them on the horns o the moon shouting their emulation
180,no one can beat it
181,the legacy that jackson left behind is bigger than life for me orange said
182,it wasnt great but they swore it was because theyd run out of the bread
183,the host advised us it is a 90 minute service
184,diner food is whats up and i like it
185,menenius a hundred thousand welcomes
186,brutus in that theres comfort
187,virgilia the gods grant them true
188,the rooms contain a nice kitchenette area with a full sized refrigerator sink cabinets and two burners
189,found my puppy treats and moved on
190,i ordered some mix of eggs bacon and pancakes and got 2 dinnersized plates one loaded with pancakes and the other stuffed with eggs bacon and home fries
191,a riders love of a thoroughbred shone in them
192,volumnia he had before this last expedition twentyfive wounds upon him
193,sicinius doubt not the commoners for whom we stand but they upon their ancient malice will forget with the least cause these his new honours which that he will give them make i as little question as he is proud to dot
194,menenius do not cry havoc where you should but hunt with modest warrant
195,third citizen we have been called so of many not that our heads are some brown some black some auburn some bald but that our wits are so diversely coloured and truly i think if all our wits were to issue out of one skull they would fly east west north south and their consent of one direct way should be at once to all the points o the compass
196,coriolanus ill give my reasons more worthier than their voices
197,sorrycant wait that long to get a warranted repair they lost my business for good
198,coriolanus what makes this change
199,our waiter looked like a 19 year old gas station attendant skinny little blonde guy with a sweet but incredibly naive face and an air of vapidity which was confirmed when i placed my order
200,volumnia honourable menenius my boy marcius approaches for the love of juno lets go
201,gentlewoman madam the lady valeria is come to visit you
202,second citizen not one amongst us save yourself but says he used us scornfully he should have showd us his marks of merit wounds received fors country
203,to a cruel war i sent him from whence he returned his brows bound with oak
204,this is the kind of neighborhood dive that i could see frank and dino pulling a few tables together for some poker a fish sammich and some cheap scotch
205,we had salads and pasta
206,this may have been the best fish sandwich ive yet to have in da burgh
207,cominius you shall not be the grave of your deserving rome must know the value of her own twere a concealment worse than a theft no less than a traducement to hide your doings and to silence that which to the spire and top of praises vouchd would seem but modest therefore i beseech you in sign of what you are not to reward what you have donebefore our army hear me
208,truly
209,but the best thing they have is their wings
210,i understand things happen and things get delayed but just email or call me
211,i will never go back to flynns bc of the way this guy treated me and the simple fact that they gave me a used tire
212,why had your bodies no heart among you
213,at one hour and 45 minutes complained to the manager that we still had not received out entrees
214,finally i called back and the admin told me that the survey could take a couple weeks to come back
215,volumnia hell beat aufidius head below his knee and tread upon his neck
216,come on my fellows he that retires ill take him for a volsce and he shall feel mine edge
217,second citizen and will deny him ill have five hundred voices of that sound
218,ahhhh da burgh third base
219,fifth citizen we hope to find you our friend and therefore give you our voices heartily
220,papa js is no longer the only game in town
221,as i said before ive been to papa js a good handful of times so i know the menu decently well but the server couldnt explain any of the questions i had about a couple new dishes i was thinking about trying
222,i mean to stride your steed and at all times to undercrest your good addition to the fairness of my power
223,after arguing with the guy and telling him that his logic was far fetched he said hed give me a new tire this time
224,upon my party ild revolt to make only my wars with him he is a lion that i am proud to hunt
225,sicinius we are convented upon a pleasing treaty and have hearts inclinable to honour and advance the theme of our assembly
226,the italian had deli meat that was clearly bottom of the line and not very generous
227,sixth citizen he has done nobly and cannot go without any honest mans voice
228,i had one tooth that i had a recent root canal on and a few small cavities that needed filled
229,both my adult children and husband have decided to leave this practice after experiencing such frustration
230,messenger the citizens of corioli have issued and given to lartius and to marcius battle i saw our party to their trenches driven and then i came away
231,coriolanus well then i pray your price o the consulship
232,were he the butcher of my son he should be free as is the wind
233,fare you well then
234,its with regret that i feel that i have to give dr goldberg 2 stars
235,nay keep your place
236,first citizen he shall well know the noble tribunes are the peoples mouths and we their hands
237,third citizen we do sir tell us what hath brought you tot
238,paddys pour house from 20022012
239,i have never felt compelled to write a bad review about anyone until i met this pathetic excuse for a doctor who is all about the money
240,i was in so much pain for 2 weeks following the extraction
241,coriolanus i do owe them still my life and services
242,bread or not it still wasnt great
243,if you want average food and terrible service this is your place
244,this it the very definition of diner
245,what barm can your bisson conspectuities glean out of this character if i be known well enough too
246,as the lunch hour went on they were getting busy emils is no frills good portions very reasonable prices very comfortable neighborhood hole in the wallkind of like cheers but in a blue collar neighborhood in the 1950s
247,or i shall shake thy bones out of thy garments
248,o good but most unwise patricians
249,second citizen why that way
250,papa js is by far my favorite restaurant in pittsburgh my hometown
251,advance brave titus they do disdain us much beyond our thoughts which makes me sweat with wrath
252,valeria not out of doors
253,in 2006 the new york times reported that fans drove for miles to see the rudolph and santa claus puppets at the center for puppetry arts in atlanta
254,cominius though thou speakst truth methinks thou speakst not well
255,sicinius this as you say suggested at some time when his soaring insolence shall touch the peoplewhich time shall not want if he be put upon t and thats as easy as to set dogs on sheepwill be his fire to kindle their dry stubble and their blaze shall darken him for ever
256,visitors like to go to the film studios and to drive along hollywood street
257,could he not speak em fair
258,the fish sandwich is good and is a large portion sides are decent
259,ok its friday night and have about 70 minutes to eat
260,third citizen hes not confirmd we may deny him yet
261,after the so called dentist dr carnavali did my exam i needed 3 additional root canals and an extraction
262,only a handful of volumes survive from this period though some are very significant
263,aufidius we hate alike not afric owns a serpent i abhor more than thy fame and envy
264,cominius our spoils he kickd at and lookd upon things precious as they were the common muck of the world he covets less than misery itself would give rewards his deeds with doing them and is content to spend the time to end it
265,brutus which the rather we shall be blest to do if he remember a kinder value of the people than he hath hereto prized them at
266,terrible serviceterrible foodthis place smells like rotten wet wood
267,whats the matter that in these several places of the city you cry against the noble senate who under the gods keep you in awe which else would feed on one another
268,map shown on yelp page is incorrect
269,whats the matter you dissentious rogues that rubbing the poor itch of your opinion make yourselves scabs
270,menenius he loves your people but tie him not to be their bedfellow
271,have you chose this man
272,marcius will the time serve to tell
273,virgilia his bloody brow
274,appalling
275,second citizen you are never without your tricks you may you may
276,we finally got our survey
277,virgilia no at a word madam indeed i must not
278,this little unassuming building with an addon entrance with what looked like a very old hand painted sign stating quite simply emils
279,all in all wed like to go back again but we want jasmine
280,always packed here and always a wait but worth it
281,now that sounds good cant wait to return
282,third citizen to lose itself in a fog where being three parts melted away with rotten dews the fourth would return for conscience sake to help to get thee a wife
283,this kind of service did not deserve corn gratis
284,ugh
285,jackson wore the glove at a 1983 performance during motown 25 an nbc special where he debuted his revolutionary moonwalk
286,came here with no expectations
287,but thats no matter the greater part carries it
288,prices are about middle of the road for an authentic italian place nothing crazy
289,first citizen should by the cormorant belly be restraind who is the sink o the body menenius well what then
290,im writing this review to give you a heads up before you see this doctor
291,atop the main buildings gold dome is a golden statue of the virgin mary
292,coriolanus know good mother i had rather be their servant in my way than sway with them in theirs
293,they do unnecessary extractions so they can do a more expensive procedure such as a bridge or an implant
294,hear me profess sincerely had i a dozen sons each in my love alike and none less dear than thine and my good marcius i had rather had eleven die nobly for their country than one voluptuously surfeit out of action
295,his hearts his mouth what his breast forges that his tongue must vent and being angry does forget that ever he heard the name of death
296,obviously this is the way a simple complaint is handled by management
297,cominius that is the way to lay the city flat to bring the roof to the foundation and bury all which yet distinctly ranges in heaps and piles of ruin
298,by the elements if eer again i meet him beard to beard hes mine or i am his mine emulation hath not that honour int it had for where i thought to crush him in an equal force true sword to sword ill potch at him some way or wrath or craft may get him
299,seems simple finally we get the permit and work is supposed to start
300,coriolanus no ill die here
301,coriolanus you are like to do such business
302,the vatican library is a research library for history law philosophy science and theology
303,sicinius you show too much of that for which the people stir if you will pass to where you are bound you must inquire your way which you are out of with a gentler spirit or never be so noble as a consul nor yoke with him for tribune
304,when you finally do get inside you see that there are 15 tables and a counter all occupied by people from all walks of life whats the attraction behind this flea hole
305,the highly prized memorabilia which included items spanning the many stages of jacksons career came from more than 30 fans associates and family members who contacted juliens auctions to sell their gifts and mementos of the singer
306,next to the main building is the basilica of the sacred heart
307,you were got in fear though you were born in rome his bloody brow with his maild hand then wiping forth he goes like to a harvestman thats taskd to mow or all or lose his hire
308,the guys in the pro shop were two of the friendlier guys ive come across at ranges or at courses
309,who sensibly outdares his senseless sword and when it bows stands up
310,begun as a onepage journal in september 1876 the scholastic magazine is issued twice monthly and claims to be the oldest continuous collegiate publication in the united states
311,third roman a murrain ont
312,sicinius such a nature tickled with good success disdains the shadow which he treads on at noon but i do wonder his insolence can brook to be commanded under cominius
313,senators c well surety him
314,very very oily
315,you herd ofboils and plagues plaster you oer that you may be abhorrd further than seen and one infect another against the wind a mile
316,first senator our armys in the field we never yet made doubt but rome was ready to answer us
317,first citizen if i must not i need not be barren of accusations he hath faults with surplus to tire in repetition
318,my husbands salmon was burnt to a crisp and my sister in law took one bite of her trout and refused to eat any more because she claims it was so disgusting
319,if he have power then vail your ignorance if none awake your dangerous lenity
320,also we were asked if we wanted pine nuts feta or gorgonzola on our salad and then were charged 200 extra per item in addition to the salad price 699 which brought the salad up to 1099
321,created for about 5000 each in 1964 they were valued at 8000 to 10000 for the pair
322,i had to force myself in front of a cashier who opened his register to wait on the person behind me
323,this place is equipped with lights yet they only sell buckets of balls until 730
324,the office staff and administration are very unprofessional
325,i have done as you have done thats what i can induced as you have been thats for my country he that has but effected his good will hath overtaen mine act
326,good luck getting a seat thats all i have to say
327,virgilia i will wish her speedy strength and visit her with my prayers but i cannot go thither
328,first officer come come they are almost here
329,no chicken pot pie no shepherds pie etc
330,their prices have gone way up400 for 4 midlevel tires for a toyota
331,menenius come enough
332,do yourself a favor and frequent any of the other restaurants that are within walking distance of papa js
333,brutus good or bad
334,the french toast was made with the best italian bread
335,the kinglycrowned head the vigilant eye the counsellor heart the arm our soldier our steed the leg the tongue our trumpeter
336,he was not screaming or belligerent in any way shape or form simply informing the manager of what had occurred
337,coriolanus have you informd them sithence
338,senators to coriolanus come all joy and honour
339,menenius and twas time for him too ill warrant him that an he had stayed by him i would not have been so fidiused for all the chests in corioli and the gold thats in them
340,the tables the decorations the menu
341,when jerd led out this slender beautifully built horse lassiter suddenly became all eyes
342,two meals on the recommendation of a friend who lives near the place and after the second trip i was compelled to write
343,third citizen we have power in ourselves to do it but it is a power that we have no power to do for if he show us his wounds and tell us his deeds we are to put our tongues into those wounds and speak for them so if he tell us his noble deeds we must also tell him our noble acceptance of them
344,it is the best white pizza i have ever had
345,but as we sat and ate burgers came out to an adjoining table
346,lartius now the fair goddess fortune fall deep in love with thee and her great charms misguide thy opposers swords
347,likewise in 2003 when other students believed that the paper showed a liberal bias the conservative paper irish rover went into production
348,i reckon so he had replied
349,coriolanus may i change these garments
350,menenius the senators of rome are this good belly and you the mutinous members for examine their counsels and their cares digest things rightly touching the weal o the common you shall find no public benefit which you receive but it proceeds or comes from them to you and no way from yourselves
351,in a few minutes we had our wine then in a few more seconds we had our salads and some great homemade italian bread with some olive oil and balsamic ving
352,menenius be calm be calm
353,menenius this is strange
354,the nine studentrun outlets include three newspapers both a radio and television station and several magazines and journals
355,lartius he had my lord and that it was which caused our swifter composition
356,my guess is that the entire place needs no strike that demands an automated foodbeverage ticketing system
357,second citizen one word good citizens
358,and hark what noise the general makes
359,every procedure she has done to my teeth has backfired
360,im glad i did too
361,it literally took him two trips back to the kitchen to ask and the child honestly had no clue what white meat and dark meat meant
362,say we read lectures to you
363,immediately behind the basilica is the grotto a marian place of prayer and reflection
364,went to papa js awhile ago and the service was bad the waiter was surly rude and unhelpful decided to try it again since it is close to stage 62
365,hell you need even less people now with the advent of the machine that doles out the balls
366,menenius hes right noble let him be calld for
367,lets talk about the hours
368,cominius well on to the marketplace
369,what should the people do with these bald tribunes
370,menenius fie fie fie
371,my wife asked for a glass of water 4 times until she finally got it at which point the meal was over so we didnt care at that point
372,although im not sure i would recommend it if youre working were theres no bathrooms
373,he was wont to come home wounded
374,i also like the seasoned salt wings
375,after arguing with me he ended up taking 6 off of our 200 bill
376,in her fear she so controlled her mind that she did not whisper this mormons name to her own soul she did not even think it
377,menenius youll mar all ill leave you pray you speak to em i pray you in wholesome manner
378,a patrician this man has marrd his fortune
379,first citizen your bellys answer
380,nothing is served on the side with main dishes
381,sicinius it shall be to him then as our good wills a sure destruction
382,bad food slow service and rude managers
383,go to papa js every once in a while but mostly for the white pizza
384,the one affrights you the other makes you proud
385,food was luke warm at best
386,theres in all two worthy voices begged
387,coriolanus that ill straight do and knowing myself again repair to the senatehouse
388,menenius why tis no great matter for a very little thief of occasion will rob you of a great deal of patience give your dispositions the reins and be angry at your pleasures at the least if you take it as a pleasure to you in being so
389,my husband and i went to emmert dental in bethel park for a routine cleaning and check up
390,as for the rest of the place its always been kind of dirty inside
391,marcius ill fight with none but thee for i do hate thee worse than a promisebreaker
392,all citizens amen amen
393,cant wait to experience it
394,coming here you get the feeling they havent changed much
395,you must in no way say he is covetous
396,so good food great looking place one bad waitress
397,none of the cooks bartenders or waitresses know who ordered what nor what ticket belongs to which table
398,the iced tea is also terrible tasting
399,in 1987 when some students believed that the observer began to show a conservative bias a liberal newspaper common sense was published
400,architecturally the school has a catholic character
401,architecturally the school has a catholic character
402,marcius thy friend no less than those she placeth highest
403,great little place
404,cominius but how prevaild you
405,i arrived at 850
406,citizens he shall sure ont
407,rocky would definitely describe the experiences on the first trip i went to try their at that timeraved about reuben
408,he is not a caring doctor
409,virgilia beseech you give me leave to retire myself
410,coriolanus are these your herd
411,just call me and tell me theyre waiting for the permit but theyll work towards asking dormont what the hold up is
412,the manager started yelling at the cashiers for serving off their orders when they didnt have their food
413,coriolanus have i had childrens voices
414,their wings are simply fantastic
415,brutus aediles seize him
416,so there are resentful tire slashers
417,how shall this bisson multitude digest the senates courtesy
418,the family sold both figures to kevin a kriess the president of timeandspacetoyscom and a lifelong fan of the rankinbass films
419,the fettuccine carbanara was very good a thick cream sauce with bacon and ricotta
420,menenius now the gods crown thee
421,i have ordered from here in the past and always been disappointed
422,you two are old men tell me one thing that i shall ask you
423,menenius there was a time when all the bodys members rebelld against the belly thus accused it that only like a gulf it did remain i the midst o the body idle and unactive still cupboarding the viand never bearing like labour with the rest where the other instruments did see and hear devise instruct walk feel and mutually participate did minister unto the appetite and affection common of the whole body
424,he told me he would bug the guy about it and we finally got it
425,the dome yearbook is published annually
426,so i hung up not knowing what was going on
427,i am not sure that i could find it again on my ownit really is a hidden gem
428,the whole wings are good size and crispy but for 1 a wing the sauce could be better
429,ive stayed at a couple of extended stay sites that i found quite satisfactory and this location proved to be just as good
430,this place will give you the best fish sandwich in pittsburgh
431,and the service was pretty absent to make it even worse seemed she knew it was terrible and didnt want to deal with it
432,this is true on mine honour and so i pray go with us
433,i had 3 employees surrounding me pressuring me for this bone graft
434,coriolanus i had rather have one scratch my head i the sun when the alarum were struck than idly sit to hear my nothings monsterd
435,food was not good at all
436,there is the man of my souls hate aufidius piercing our romans then valiant titus take convenient numbers to make good the city whilst i with those that have the spirit will haste to help cominius
437,all will be naught else
438,she took extra time with the older ladies in our group to help them with their selections now the other waitress mary something was so incompetent she was awful and rude
439,i wish al would have told us that so our june 24th date came and went
440,a pound of fish on a fishshaped bun as opposed to da burghs seemingly popular hamburger bun
441,this paltering becomes not rome nor has coriolanus deserved this so dishonourd rub laid falsely i the plain way of his merit
442,i love the food and the service
443,citizens yield marcius yield
444,brutus not unlike each way to better yours
445,in and out in 60 minutes
446,her arm was broken or smth but she still dis a great job strawberry lemonade was just smth i have been craving for for so long but did not know what it was strawberry milkshake nachos and t bone steak is smth we never stop ordering its always nice when u go late at night like us it is not crowded not noisy nice music playing and always nice people around
447,a big red flag to me was the extra charge 3 to hit off the grass
448,then when it was time to sing and cut the cake my sister in law said oh hey can you get the cake so we can sing
449,citizens down with him
450,first citizen hes one honest enough would all the rest were so
451,i seriously crave a true good ny reuben but since i cant afford to travel right now what i find in da burgh will have to do
452,sicinius to the capitol come we will be there before the stream o the people and this shall seem as partly tis their own which we have goaded onward
453,the biggest breakfast in pittsburgh as far as i can tell and delicious and cheap too
454,i would definitely stay at this location again and highly recommend it
455,the service is terrible the staff seem to be generally clueless the management is inclined to blame the staff for their own mistakes and theres no sense of fast in their fast food
456,and now again of him that did not ask but mock bestow your suedfor tongues
457,you know the cause air of my standing here
458,both were on the verge of inedible
459,and go along with us
460,thus it is the volsces have an army forth against whom cominius the general is gone with one part of our roman power your lord and titus lartius are set down before their city corioli they nothing doubt prevailing and to make it brief wars
461,menenius the augurer tells me we shall have news tonight
462,im assuming this was the bone graft
463,as at most other universities notre dames students run a number of news media outlets
464,the food was fantastic was very food and just the right price
465,jacksons flashy glove was the bigticket item of the night fetching 420000 from a buyer in hong kong china
466,brutus the people are incensed against him
467,we were mad
468,we need more irish pubs and local old time watering holes
469,the inspector looked at me like i was crazy for waiting on my food despite the obvious poor conditions
470,valeria my ladies both good day to you
471,when drums and trumpets shall i the field prove flatterers let courts and cities be made all of falsefaced soothing
472,the only thing i would say is to increase some of the cardio equipment
473,when steel grows soft as the parasites silk let him be made a coverture for the wars
474,first citizen and to make us no better thought of a little help will serve for once we stood up about the corn he himself stuck not to call us the manyheaded multitude
475,fourth citizen you have received many wounds for your country
476,first citizen you are all resolved rather to die than to famish
477,sicinius there coriolanus
478,yards were indeed marked and there are some targets to aim for and even some hazards to aim away from
479,with a single glass of wine i felt downright robbed at the 50 price tag
480,on the outside there are about a dozen people waiting to get in
481,she wanted him to take charge of her cattle and horse and ranges and save them if that were possible
482,most unprofessional gym ever
483,all come come
484,sicinius it is a mind that shall remain a poison where it is not poison any further
485,just to start off we were a party of 12 which is always a little difficult
486,sicinius one thus descended that hath beside well in his person wrought to be set high in place we did commend to your remembrances but you have found scaling his present bearing with his past that hes your fixed enemy and revoke your sudden approbation
487,first citizen we have ever your good word
488,messenger they lie in view but have not spoke as yet
489,scholars have traditionally divided the history of the library into five periods prelateran lateran avignon prevatican and vatican
490,coriolanus i will go wash and when my face is fair you shall perceive whether i blush or no howbeit i thank you
491,cominius they are worn lord consul so that we shall hardly in our ages see their banners wave again
492,marcius yonder comes news
493,volumnia i know not where to turn o welcome home and welcome general and yere welcome all
494,we shall be shortend in our aim which was to take in many towns ere almost rome should know we were afoot
495,nay more some parcels of their power are forth already and only hitherward
496,normally i may have asked for a manager but at this point i was ready to just get out of there plus we had to be somewhere else that night my opinion for the money there are many other restaurants i would rather eat at
497,then they left everything unfinished in my eyes leaving the site dirty
498,this place has none of them
499,valeria in troth i think she would
500,they are butchers
501,sicinius bemock the modest moon
502,cominius march on my fellows make good this ostentation and you shall divide in all with us
503,seventh citizen therefore let him be consul the gods give him joy and make him good friend to the people
504,theyll sit by the fire and presume to know whats done i the capitol whos like to rise who thrives and who declines side factions and give out conjectural marriages making parties strong and feebling such as stand not in their liking below their cobbled shoes
505,not what the special was at all
506,then i was hit with a bill of 56900
507,nahwhy bother when there are so many other options around
508,the worst dental experience of my life
509,theres some among you have beheld me fighting come try upon yourselves what you have seen me
510,few as the words were jane knew how infinitely much they implied
511,been going to dr goldberg for over 10 years
512,sicinius pass no further
513,someone should buy this place and turn it into what it should be
514,i took my car to a local mechanic to see if i could get the hole patched but they said the reason i had a flat was because the previous patch had blown wait what
515,first citizen once if he do require our voices we ought not to deny him
516,we ate about a quarter of the food couldnt even finish it
517,volumnia away you fool
518,we felt confident in going with them and booked it heres where things fell apart
519,aufidius and keep your honours safe
520,who has time for that or wants to deal with it
521,i dont think i ask much out of a driving range
522,for dipping
523,the chapel bell tinkled out its summons and the garrison trooped faithfully to mass
524,sicinius therefore lay hold of him bear him to the rock tarpeian and from thence into destruction cast him
525,valentina little recking now whether the castle held or fell and still less such trifles as gonzagas attendance at mass had assented without heeding the import of what he said
526,lartius otis marcius
527,i left a message with multiple people regarding my bill and no one ever called me back
528,second citizen what he cannot help in his nature you account a vice in him
529,menenius brutus sir those cold ways that seem like prudent helps are very poisonous where the disease is violent
530,we are very great full that we discovered her
531,i really really want this place to do better
532,not worth it at all with all the other good italian options around
533,likewise in 2003 when other students believed that the paper showed a liberal bias the conservative paper irish rover went into production
534,i never imagined how confusing a question that could possibly be
535,for this last before and in corioli let me say i cannot speak him home he stoppd the fliers and by his rare example made the coward turn terror into sport as weeds before a vessel under sail so men obeyd and fell below his stem his sword deaths stamp where it did mark it took from face to foot he was a thing of blood whose every motion was timed with dying cries alone he enterd the mortal gate of the city which he painted with shunless destiny aidless came off and with a sudden reinforcement struck corioli like a planet now alls his when by and by the din of war gan pierce his ready sense then straight his doubled spirit requickend what in flesh was fatigate and to the battle came he where he did run reeking oer the lives of men as if twere a perpetual spoil and till we calld both field and city ours he never stood to ease his breast with panting
536,the bar can get quite noisy in the evenings but it adds to the great atmosphere at rockys
537,i drove by yesterday to get a sneak peak
538,marcius come i too late
539,your voices for your voices i have fought watchd for your voices for your voices bear of wounds two dozen odd battles thrice six i have seen and heard of for your voices have done many things some less some more your voices indeed i would be consul
540,the entire office has an attitude like they are doing you a favor
541,coriolanus i will not seal your knowledge with showing them
542,worn and thread bare
543,coriolanus what must i say
544,i will most likely not return
545,first soldier hes the devil
546,i also like the mixed grill
547,plus 1 of the new tires went flat within 3 weeks
548,virgilia give me excuse good madam i will obey you in every thing hereafter
549,citizens you so remain
550,menenius ay to devour him as the hungry plebeians would the noble marcius
551,presently came monna valentina followed by her ladies her pages and lastly peppe wearing under his thin mask of piety an air of eager anxiety and unrest
552,first citizen before we proceed any further hear me speak
553,she kept up and was very friendly
554,brutus being moved he will not spare to gird the gods
555,i watched 2 employees walk by me unlocked the door and relocked it
556,menenius you have stood your limitation and the tribunes endue you with the peoples voice remains that in the official marks invested you anon do meet the senate
557,there are much better italian restaurants in pittsburgh
558,messenger wheres caius marcius
559,at the end of the main drive and in a direct line that connects through 3 statues and the gold dome is a simple modern stone statue of mary
560,coriolanus you should account me the more virtuous that i have not been common in my love
561,the bar was jumping thou never go to the bar
562,tell valeria we are fit to bid her welcome
563,sicinius nature teaches beasts to know their friends
564,you are a pair of strange ones
565,order the white pizza on our visit this weekend it has garlic spinach feta cheese and we usually add some veggie on top
566,not too skimpy on the meat
567,emmert dental only cares about the money will over charge you and leave you less than happy with the dental work
568,i pray sirplague upont
569,the worst dental office i ever been
570,he then turned to a waitress who had approached the service area of the bar and asked her if we could have a server take our drink order
571,i was going to dr johnson before he left and goldberg took over when johnson left
572,all the kitchen did was scrape their mistake off of our fish
573,first citizen the former agents if they did complain what could the belly answer
574,he doesnt judge and asks all the right questions
575,we also ordered steak and italian hoagies
576,lartius so let the ports be guarded keep your duties as i have set them down
577,aufidius nor did you think it folly to keep your great pretences veild till when they needs must show themselves which in the hatching it seemd appeard to rome
578,i had such a low expectation i was pleasantly surprised
579,first senator so your opinion is aufidius that they of rome are entered in our counsels and know how we proceed
580,in the short time that he was there a man who was behind the bar looked at him and then turn away without saying a word or notifying anyone else
581,the rankinbass animated film production company used japanese puppets and stop motion to tell the tale bolstered by a soundtrack featuring burl ives rendition of the theme song
582,lartius on safeguard he came to me and did curse against the volsces for they had so vilely yielded the town he is retired to antium
583,menenius you know neither me yourselves nor any thing
584,menenius i am known to be a humorous patrician and one that loves a cup of hot wine with not a drop of allaying tiber int said to be something imperfect in favouring the first complaint hasty and tinderlike upon too trivial motion one that converses more with the buttock of the night than with the forehead of the morning what i think i utter and spend my malice in my breath
585,its a fairly big range if you are familiar with scallys in moon it seems like it has almost as many tees though its not nearly as nice a facility
586,marcius cominius the shepherd knows not thunder from a tabour more than i know the sound of marcius tongue from every meaner man
587,man has this place gone down hill
588,quite good
589,a curse begin at very root ons heart that is not glad to see thee
590,it is sublime and makes you want to go to a special cozy corner just to eat it and revel in its velvety loveliness
591,therefore beseech you you that will be less fearful than discreet that love the fundamental part of state more than you doubt the change ont that prefer a noble life before a long and wish to jump a body with a dangerous physic thats sure of death without it at once pluck out the multitudinous tongue let them not lick the sweet which is their poison your dishonour mangles true judgment and bereaves the state of that integrity which should becomet not having the power to do the good it would for the in which doth controlt
592,awesome drink specials during happy hour
593,menenius o me the gods
594,i will be making my friend take me back until i can memorize where the heck it is addendum 2nd visit for the fish sandwich
595,cominius marcius we have at disadvantage fought and did retire to win our purpose
596,coriolanus tullus aufidius then had made new head
597,so now the gates are ope now prove good seconds tis for the followers fortune widens them not for the fliers mark me and do the like
598,marcius ill buy him of you
599,first soldier following the fliers at the very heels with them he enters who upon the sudden clappd to their gates he is himself alone to answer all the city
600,its your typical lowend chinese place
601,sicinius let them assemble and on a safer judgment all revoke your ignorant election enforce his pride and his old hate unto you besides forget not with what contempt he wore the humble weed how in his suit he scornd you but your loves thinking upon his services took from you the apprehension of his present portance which most gibingly ungravely he did fashion after the inveterate hate he bears you
602,virgilia heavens bless my lord from fell aufidius
603,coriolanus now as i live i will
604,didnt happen here my main point is contractors have a reputation for not being the most trustworthy
605,meaning for example i took in a pair of khakis all the way down to the cuff but he seamed them up to look exactly the way they were when i first bought them
606,by far the worst most unprofessional dentist i have ever experienced her staff is too busy watching soap operas on all the tvs in each room instead of cleaning and she gave me a filling which was too deep which could have been understandable as her son had his pictures delivered from hawaii and she had to stop 3 times to pay for them and show her whole staff all of them must be nice to have a 14 year old go to hawaii on her moms dime and have her patience wait to see all of this happen i had to have oral surgery and have the tooth removed because she put the filling in too deep an abscessed tooth was the result i wouldnt recommend her to an ex girlfriend or someone i hate because of the three months of extreme tooth pain i had to deal with because of her lack of care and follow through even after i called and asked them for advice and follow up they simply could care less and did not even offer to reschedule an appointment other than prescribing me vicodin and antibiotics do not recommend and do not go to her license should be pulled
607,they actually then gave us flack for not having enough to put it on a debit card
608,first senator sit coriolanus never shame to hear what you have nobly done
609,we ordered our dinner immediately with a salad and a glass of wine
610,the other magazine the juggler is released twice a year and focuses on student literature and artwork
611,i then had to go back to the manager to give us our bill so we could get away from this ruined evening
612,stay hold peace
613,it more becomes a man than gilt his trophy the breasts of hecuba when she did suckle hector lookd not lovelier than hectors forehead when it spit forth blood at grecian sword contemning
614,volumnia o he is wounded i thank the gods fort
615,i waited
616,the dome yearbook is published annually
617,my valours poisond with only suffering stain by him for him shall fly out of itself nor sleep nor sanctuary being naked sick nor fane nor capitol the prayers of priests nor times of sacrifice embarquements all of fury shall lift up their rotten privilege and custom gainst my hate to marcius where i find him were it at home upon my brothers guard even there against the hospitable canon would i wash my fierce hand ins heart
618,i have called numerous times and i am always told that the manager and or billing department is not in
619,coriolanus the gods begin to mock me
620,i sat at a vacant stool behind the formica counter and ordered the mixed grill
621,if i do send dispatch those centuries to our aid the rest will serve for a short holding if we lose the field we cannot keep the town
622,place was not busy waited over 20 minutes for drinks and to have our order taken
623,brutus ay spare us not
624,menenius and so are like to do
625,weeks went by with no word from them on the process
626,will you hence before the tag return
627,know you on which side they have placed their men of trust
628,the only reason why i came here as much as i did is because i like the 1 iced coffees
629,brutus hes a lamb indeed that baes like a bear
630,first soldier twill be deliverd back on good condition
631,second citizen an twere to give againbut tis no matter
632,unassuming looks like it is closed all the time until you do a drive by and see the hours posted
633,valeria come lay aside your stitchery i must have you play the idle husewife with me this afternoon
634,fish sandwiches piled with breaded fish that looked amazing
635,after watching two people who ordered after me be handed their food i asked where mine was
636,it was so noticeable that it made me wonder if the dough was bad or if they for some weird reason put fish sauce in it
637,citizens true the people are the city
638,yay im a fan but sometimes service is a little slow it was very good for us this visit
639,neither paper is published as often as the observer however all three are distributed to all students
640,my wife for example ordered the irish stew and he came back 5 min later telling us they were out of that and even more things for several people in our party
641,it is just a five minute drive to downtown
642,i mean come on for a restaurant of this calibre and price is it too much to ask for a glass of water
643,formally established in 1475 although it is much older it is one of the oldest libraries in the world and contains one of the most significant collections of historical texts
644,i will sir flatter my sworn brother the people to earn a dearer estimation of them tis a condition they account gentle and since the wisdom of their choice is rather to have my hat than my heart i will practise the insinuating nod and be off to them most counterfeitly that is sir i will counterfeit the bewitchment of some popular man and give it bountiful to the desirers
645,what ever have been thought on in this state that could be brought to bodily act ere rome had circumvention
646,no one should have to go thru what i am currently going thru
647,immediately in front of the main building and facing it is a copper statue of christ with arms upraised with the legend venite ad me omnes
648,at first i thought we were lost driving around a handful of very rather dismal looking blocks in what looked like a neighborhood that had been blighted by the building of a highway
649,at the end of the main drive and in a direct line that connects through 3 statues and the gold dome is a simple modern stone statue of mary
650,not too rich at all
651,i would give the food 35 the service was subpar for sure
652,first citizen care for us
653,you titus lartius must to corioli back send us to rome the best with whom we may articulate for their own good and ours
654,the hot and extra hot are about the same flavorheat
655,menenius having determined of the volsces and to send for titus lartius it remains as the main point of this our aftermeeting to gratify his noble service that hath thus stood for his country therefore please you most reverend and grave elders to desire the present consul and last general in our wellfound successes to report a little of that worthy work performd by caius marcius coriolanus whom we met here both to thank and to remember with honours like himself
656,and that is exactly what i love ohbut good food counts too
657,tuesday comes and they have to wait for approval from dormont on holes theyre digging
658,we received very good service and meal came within a few minuteswaitress could have smiled more but was friendly
659,and yep there it was
660,why you grave but reckless senators have you thus given hydra here to choose an officer that with his peremptory shall being but the horn and noise o the monsters wants not spirit to say hell turn your current in a ditch and make your channel his
661,but my recent experience there has changed my mind a bit
662,i like to stretch out before my class actually starts so i went to the tail end of a yoga class
663,menenius a letter for me
664,with every minute you do change a mind and call him noble that was now your hate him vile that was your garland
665,jane had asked him
666,she was bright friendly and very knowledgeable about the menu
667,coriolanus spoke he of me
668,messenger within this mile and half
669,it also had a leaky roof in several places which had buckets collecting the water
670,thou wast a soldier even to catos wish not fierce and terrible only in strokes but with thy grim looks and the thunderlike percussion of thy sounds thou madst thine enemies shake as if the world were feverous and did tremble
671,the vending machines are sold out of course and they sell drinks inside but close the drawers at 8 on the dot
672,our guider come to the roman camp conduct us
673,he wrote me two sentences that said there will be acres there tomorrow morning to finish and most will be done tomorrow well that didnt happen then two other dudes show up two days later and did work for about three hours and left
674,must these have voices that can yield them now and straight disclaim their tongues
675,next to the main building is the basilica of the sacred heart
676,in 1987 when some students believed that the observer began to show a conservative bias a liberal newspaper common sense was published
677,that being said we left and went back to 131 east where we had previously eaten
678,i tried the evening classes but they were very crowded and difficult so i tried a morning class for seniors
679,it reopens on july 14th and i cant wait to take my kids
680,it will remain a place i avoid unless someone in my party needs to avoid illness from low blood sugar
681,third citizen are you all resolved to give your voices
682,what good condition can a treaty find i the part that is at mercy
683,i find that very unlikely
684,the best part about this location was the staff
685,the bill was prepared incorrectly
686,it is held that valour is the chiefest virtue and most dignifies the haver if it be the man i speak of cannot in the world be singly counterpoised
687,brutus tis most like he will
688,coriolanus my gracious silence hail
689,i say if he would incline to the people there was never a worthier man
690,there were 7 of us altogether and we had eaten at another restaurant earlier in the evening
691,some of the worst pizza ive ever had
692,excellent
693,it is april and there are no grass tees yet
694,menenius what is about to be
695,my fiance had what they called a mixed grill it consisted of eggs peppers onions and home made sausage
696,you souls of geese that bear the shapes of men how have you run from slaves that apes would beat
697,tribunes for them the mouse neer shunnd the cat as they did budge from rascals worse than they
698,all slain sir doubtless
699,coriolanus ay but not mine own desire
700,as at most other universities notre dames students run a number of news media outlets
701,most placed will have bulges and puckers
702,menenius i would they were in tiber
703,i received an 80000 bill for the blood work
704,marcius he that will give good words to thee will flatter beneath abhorring
705,the only thing they have going for them is that the food is hot and tastes just like mcdonalds should
706,i complained to the manager who said that i was welcome to stretch out in whatever class i wanted to but the hostility of these yoga students was very evident
707,i will make much of your voices and so trouble you no further
708,service in this place is poor because of lack of acknowledgment since people working there are just working
709,brutus it was his word o he would miss it rather than carry it but by the suit of the gentry to him and the desire of the nobles
710,oh and any big burritosousa foodies might as well stop reading now
711,he is only interested in the copay and having you come in for medication refills every month
712,menenius i will tell you if youll bestow a smallof what you have little patience awhile youll hear the bellys answer
713,you must not speak of that you must desire them to think upon you
714,second soldier nor i
715,volumnia titus lartius writes they fought together but aufidius got off
716,advice host that we are in a hurry
717,menenius pray now sit down
718,well break our walls rather than they shall pound us up our gates which yet seem shut we have but pinnd with rushes theyll open of themselves
719,first officer thats a brave fellow but hes vengeance proud and loves not the common people
720,i had to pay 25900 for this bone graft
721,menenius i know you can do very little alone for your helps are many or else your actions would grow wondrous single your abilities are too infantlike for doing much alone
722,my friend ordered one of her faves the breaded pork chops we hit the salad bar which was uberbasic
723,in 1987 when some students believed that the observer began to show a conservative bias a liberal newspaper common sense was published
724,you blame marcius for being proud
725,marcius within these three hours tullus alone i fought in your corioli walls and made what work i pleased tis not my blood wherein thou seest me maskd for thy revenge wrench up thy power to the highest
726,fourth citizen you have deserved nobly of your country and you have not deserved nobly
727,we went on a weeknight
728,my favorite things to eat in life are potato products my favorite item hot sausage sandwich on thick italian toast with cheese lettuce tomato and mayo
729,took off a star for lumpy booths and really tight tables your arm gets hit when someone walks past oh and waitresses arent very attentive
730,great balance of cheeses
731,profits from the auction at the hard rock cafe in new yorks times square crushed presale expectations of only 120000 in sales
732,ingratitude is monstrous and for the multitude to be ingrateful were to make a monster of the multitude of the which we being members should bring ourselves to be monstrous members
733,the newspapers have varying publication interests with the observer published daily and mainly reporting university and other news and staffed by students from both notre dame and saint marys college
734,i expect bad days bad moods and the occasional mistake
735,he will require them as if he did contemn what he requested should be in them to give
736,i spoke with someone who told me that dormont usually takes a week to process the permit but we were now going on a month
737,at that point he asked to see the manager who came a few minutes later
738,plain with a dark wood bar on one side plain white walls with no yinzer pics good sturdy chairs and actual white linens on the tables
739,papa js is expensive and inconsistent
740,o my sweet lady pardon
741,brutus the present wars devour him he is grown too proud to be so valiant
742,brutus fame at the which he aims in whom already hes well graced can not better be held nor more attaind than by a place below the first for what miscarries shall be the generals fault though he perform to the utmost of a man and giddy censure will then cry out of marcius o if he had borne the business
743,after the second trip back i heard the cook holler tell him ill fix him up
744,mark you his absolute shall
745,first officer if he did not care whether he had their love or no he waved indifferently twixt doing them neither good nor harm but he seeks their hate with greater devotion than can render it him and leaves nothing undone that may fully discover him their opposite
746,apparently they were now waiting for the permit from dormont a month later i was frustrated and asked to speak with someone at the company
747,sicinius i wish no better than have him hold that purpose and to put it in execution
748,yes i ordered the mushroom ravioli and it was oily
749,menenius now its twentyseven every gash was an enemys grave
750,menenius why then you should discover a brace of unmeriting proud violent testy magistrates alias fools as any in rome
751,how now my as fair as noble ladiesand the moon were she earthly no noblerwhither do you follow your eyes so fast
752,second officer faith there had been many great men that have flattered the people who neer loved them and there be many that they have loved they know not wherefore so that if they love they know not why they hate upon no better a ground therefore for coriolanus neither to care whether they love or hate him manifests the true knowledge he has in their disposition and out of his noble carelessness lets them plainly seet
753,i will never order from them again
754,come you shall go with us
755,third citizen but this is something odd
756,cable tv quality is spotty sometimes but not intolerable
757,lartius how often he had met you sword to sword that of all things upon the earth he hated your person most that he would pawn his fortunes to hopeless restitution so he might be calld your vanquisher
758,owning a driving range inside the city limits is like a license to print money
759,i waited over five minutes for a gigantic order that included precisely one kids meal
760,valeria o my word the fathers son ill sweartis a very pretty boy
761,coriolanus hence rotten thing
762,i wish you much mirth
763,what do you think you the great toe of this assembly
764,here he comes and in the gown of humility mark his behavior
765,not something you would eat everyday but he loved it
766,unlike scholastic and the dome the observer is an independent publication and does not have a faculty advisor or any editorial oversight from the university
767,they close pretty early on the weekends too oddly at 1245pm cash only huge portions when ordering fries or homefries always get the half order unless youre a lumberjack about those homefries theyre often undercooked
768,wonderful reuben
769,neither paper is published as often as the observer however all three are distributed to all students
770,menenius hear me one word beseech you tribunes hear me but a word
771,budapest became one city in 1872 and it has been the capital city of hungary for about eighty years
772,if she could rule this gunman as venters had called him if she could even keep him from shedding blood what strategy to play his flame and his presence against the game of oppression her churchmen were waging against her
773,the prelateran period comprising the initial days of the library dated from the earliest days of the church
774,photocopies for private study of pages from books published between 1801 and 1990 can be requested in person or by mail
775,cominius flower of warriors how is it with titus lartius
776,theres nothing better than drinking from a cup that could have come from your grandmas kitchen i know that gab n eat is nearby and barbs can be a little weird get to with the strange traffic pattern but this really is a gem of carnegie that youve gotta try
777,volumnia i the shoulder and i the left arm there will be large cicatrices to show the people when he shall stand for his place
778,alack you are transported by calamity thither where more attends you and you slander the helms o the state who care for you like fathers when you curse them as enemies
779,second citizen worthy menenius agrippa one that hath always loved the people
780,the daughter of withersteen lassiter will you be my rider
781,it gives me an estate of seven years health in which time i will make a lip at the physician the most sovereign prescription in galen is but empiricutic and to this preservative of no better report than a horsedrench
782,it is famous for its modern highways its movie stars and its smog
783,it makes the consuls base and my soul aches to know when two authorities are up neither supreme how soon confusion may enter twixt the gap of both and take the one by the other
784,immediately in front of the main building and facing it is a copper statue of christ with arms upraised with the legend venite ad me omnes
785,our drums are bringing forth our youth
786,brutus not to them all
787,coriolanus menenius ever ever
788,it is a replica of the grotto at lourdes france where the virgin mary reputedly appeared to saint bernadette soubirous in 1858
789,the newspapers have varying publication interests with the observer published daily and mainly reporting university and other news and staffed by students from both notre dame and saint marys college
790,definitely a greasy spoon
791,volumnia one on s fathers moods
792,neither paper is published as often as the observer however all three are distributed to all students
793,the salad was just a huge plate of spring mix nothing else in it with way to much vinegar dressing
794,and when we asked about it the waitress said yeah its huge and really good and he only charges 1299 for it aint that nuts
795,cant wait to come back
796,the place was crowded we were seated at the last open table
797,if you are feeling like lunch food go a little later their burgers are made on the breakfast griddle and are delicious
798,my husband and i went a couple of weeks ago
799,sicinius you may sir
800,budapest is also known for its exciting nightlife
801,id recommend a call for directions 4122719911
802,ay my dear such eyes the widows in corioli wear and mothers that lack sons
803,give me a break
804,second citizen think you so
805,all and all a very crude and unpleasant dining experience for me and my guests
806,the office admin very nice asked for me to come early before 9am to complete paperwork
807,speaking of the plague i suppose we should thank mr surly for inspiring us to walk out
808,cominius aged sir hands off
809,i had a grand slam it was more than enough food
810,at the end of the main drive and in a direct line that connects through 3 statues and the gold dome is a simple modern stone statue of mary
811,coriolanus is this done
812,preordered my tires and when i arrived they couldnt find the order anywhere
813,titus no caius marcius ill lean upon one crutch and fight with tother ere stay behind this business
814,when yet he was but tenderbodied and the only son of my womb when youth with comeliness plucked all gaze his way when for a day of kings entreaties a mother should not sell him an hour from her beholding i considering how honour would become such a person
815,it is because of him not my now former gyn dr markoff that i found out i have fibroids
816,thou art left marcius a carbuncle entire as big as thou art were not so rich a jewel
817,we stopped at papa js last friday night 81 for a round of drinks
818,each time the receptionists give of a vibe of entitlement and it is very uncomfortable
819,first senator tribunes give way he shall to the marketplace
820,and irish music
821,it took forever to order and then forever for our food to come and the place was empty
822,first citizen first you know caius marcius is chief enemy to the people
823,the information below will be helpful to you
824,the fried noodles were out of a box and nasty the shrimp was mushy the fried rice was bright yellow we asked for water they brought us 1 in a solo cup for 2 people
825,why in this woolvish toge should i stand here to beg of hob and dick that do appear their needless vouches
826,lets fetch him off or make remain alike
827,water is only 1 a bottle
828,i used to order takeout here once every month or so
829,he learned from his father at the age of 14 how to sew
830,perfect time with hubby after work which is 4 am and you can still have a hot nice meal waitress was such an adorable girl
831,the server never did anything to try to make our experience better he knew we werent happy but never offered anything such as dessert on the house
832,brutus and topping all others in boasting
833,brutus most willingly but yet my caution was more pertinent than the rebuke you give it
834,menenius has he disciplined aufidius soundly
835,ive tried to give this mcdonalds a chance but my patience has run out
836,greeted by a dour manager that seemed mad that we had a reservation
837,there were absent only from the gathering gonzaga and fortemani besides a sentry and the three prisoners
838,most food for your dollar
839,i think i was one of his 1st patients when he started at mhmg
840,first citizen our business is not unknown to the senate they have had inkling this fortnight what we intend to do which now well show em in deeds
841,the ambiance is nice but it doesnt justify the prices
842,yum just as we were finishing our salads our dinners were delivered
843,volumnia indeed you shall not
844,lartius o general here is the steed we the caparison hadst thou beheld marcius pray now no more my mother who has a charter to extol her blood when she does praise me grieves me
845,i was pleasantly surprised by this restaurant
846,my recommendation is a breakfast sandwich on a bagel and a coffee
847,and thenaha
848,this is about as old world barloungerestaurant as it gets
849,i ordered a salad basil pesto cream pasta my husband ordered the spinach feta pasta
850,lartius what is become of marcius
851,his pupil age manenterd thus he waxed like a sea and in the brunt of seventeen battles since he lurchd all swords of the garland
852,the other magazine the juggler is released twice a year and focuses on student literature and artwork
853,brutus the aediles ho
854,second citizen nay but speak not maliciously
855,there is a latino man in his 20s working when you arrive
856,the newspapers have varying publication interests with the observer published daily and mainly reporting university and other news and staffed by students from both notre dame and saint marys college
857,a customer even tripped over the buckets and fell
858,los angeles los angeles was founded in 1781
859,now to seem to affect the malice and displeasure of the people is as bad as that which he dislikes to flatter them for their love
860,begun as a onepage journal in september 1876 the scholastic magazine is issued twice monthly and claims to be the oldest continuous collegiate publication in the united states
861,third citizen certainly he flouted us downright
862,the fish was flavorful the batter excellent and for just 8
863,we placed our order
864,hes to make his requests by particulars wherein every one of us has a single honour in giving him our own voices with our own tongues therefore follow me and i direct you how you shall go by him
865,first citizen let us kill him and well have corn at our own price
866,coriolanus hence old goat
867,and yet to find a true good reuben in da burgh i tried it well they were out of the proper bread and the guy had to run to the store to buy the closest thing he could find which was not the proper bread and instead of one of their raved about reubens i received two minireubens which basically took the guts from one reuben and spread it out onto two sandwiches on regular sized bread
868,volumnia he had rather see the swords and hear a drum than look upon his schoolmaster
869,this is a hidden gem no really
870,menenius i tell you friends most charitable care have the patricians of you
871,do they think that this is their private gym
872,both why how are we censured
873,had to ask for coffee refills had to ask for silverware for napkinsetc
874,used to go there for tires brakes etc
875,the wedding soup and bread were good but thats it
876,my nobler friends i crave their pardons for the mutable rankscented many let them regard me as i do not flatter and therein behold themselves i say again in soothing them we nourish gainst our senate the cockle of rebellion insolence sedition which we ourselves have ploughd for sowd and scatterd by mingling them with us the honourd number who lack not virtue no nor power but that which they have given to beggars
877,brutus come half all cominius honours are to marcius
878,my parents love their burgers
879,everything is made to order with fair portions and great prices
880,valeria in truth la go with me and ill tell you excellent news of your husband
881,cominius the people are abused set on
882,we do here pronounce upon the part o the people in whose power we were elected theirs marcius is worthy of present death
883,valentina was very pale and round her eyes there were dark circles that told of sleeplessness and as she bowed her head in prayer her ladies observed that tears were falling on the illuminated massbook over which she bent
884,messenger you are sent for to the capitol
885,first citizen yere long about it
886,cominius come sir along with us
887,come good sweet lady
888,one of her safe racers was a dark bay and she called him bells because of the way he struck his iron shoes on the stones
889,will never go back or refer anyone else
890,we are not to stay all together but to come by him where he stands by ones by twos and by threes
891,fanfreakintastic
892,immediately in front of the main building and facing it is a copper statue of christ with arms upraised with the legend venite ad me omnes
893,brutus we pray the gods he may deserve your loves
894,all content content
895,a giant mound of food guaranteed to sooth any hangover
896,more or less an appetizer filler before the meal the mindblower in this trip was the ordering of the fried chicken dinner
897,they are butchers and should not even call themselves dentist
898,when i arrived i wasnt sure if this was a driving range or an excavation site for a mastodon or a strip mining operation
899,menenius sham it be put to that
900,so he took the meals back to the kitchen
901,as at most other universities notre dames students run a number of news media outlets
902,2 bicycles a scooter and an electronic keyboard graced the dining room
903,brutus come sir come we know you well enough
904,if i could give this place less than one star i would
905,they are crooks and butchers
906,five times marcius i have fought with thee so often hast thou beat me and wouldst do so i think should we encounter as often as we eat
907,if she could not wholly control lassiter then what she could do might put off the fatal day
908,we ordered reubens and wanted coleslaw instead of kraut
909,the weather is usually dry and warm
910,hear you this triton of the minnows
911,there are weeds grown all over the place
912,lartius their noise be our instruction
913,finally in spring 2008 an undergraduate journal for political science research beyond politics made its debut
914,the food tastes average and the price is good
915,when i complained the manager was very rude and tried to blame us for taking to long to order
916,they actually ground up the beans in front of us
917,menenius so do i too if it be not too much brings a victory in his pocket
918,second citizen consider you what services he has done for his country
919,he received in the repulse of tarquin seven hurts i the body
920,yet you must be saying marcius is proud who in a cheap estimation is worth predecessors since deucalion though peradventure some of the best of em were hereditary hangmen
921,then again the franchise is owned by rice and ive come to take terrible service is their mo
922,messenger the news is sir the volsces are in arms
923,i got them in my countrys service when some certain of your brethren roard and ran from the noise of our own drums
924,whatever the case they have cold guinness
925,same lousy service
926,brutus has said enough
927,volumnia ons brows menenius he comes the third time home with the oaken garland
928,i have been to this restaurant twice and was disappointed both times
929,menenius ill keep you company
930,and bagpipe please rileys pour house opens march 1 of 2012
931,dressing on the side of a salad less feta on an entree and no oil on another entree the waitress blamed it on the cook but did offer to get one entree changed
932,come i would your cambric were sensible as your finger that you might leave pricking it for pity
933,treats you like a localeaten here 3 times a week for a month
934,the delivery driver mistakenly rang my doorbell having confused 133 and 113 rather than taking a step back and analyzing the situation he begins to accuse my wife and i of ordering and refusing to pay for this pizza the driver then gets on his cell phone and rather than calling the number than was given when the order was placed begins to call his bosses and starts threatening me with felony charges
935,it is right across the street from the rankin police station
936,they have pressd a power but it is not known whether for east or west the dearth is great the people mutinous and it is rumourd cominius marcius your old enemy who is of rome worse hated than of you and titus lartius a most valiant roman these three lead on this preparation whither tis bent most likely tis for you consider of it
937,second citizen you shall ha it worthy sir
938,please you to hear cominius speak
939,eat at your own risk
940,i am weary yea my memory is tired
941,when you speak best unto the purpose it is not worth the wagging of your beards and your beards deserve not so honourable a grave as to stuff a botchers cushion or to be entombed in an asss pack saddle
942,second citizen your own desert
943,stay away from this doc and the practice
944,i have no idea who gave this place high reviews but they must either own the place or be time travelers from back in the day when this place might not have sucked
945,consider where this place is the prices are really really high
946,menenius pray you who does the wolf love
947,tried the roman style calamari very good better than the fried calamari we had last time
948,the workers do seem like nice people just trying to make a living but when it comes to cleanliness don don is lacking
949,when we granted that here was i thank you for your voices thank you your most sweet voices now you have left your voices i have no further with you
950,marcius they are dissolved hang em
951,brutus all tongues speak of him and the bleared sights are spectacled to see him your prattling nurse into a rapture lets her baby cry while she chats him the kitchen malkin pins her richest lockram bout her reechy neck clambering the walls to eye him stalls bulks windows are smotherd up leads filld and ridges horsed with variable complexions all agreeing in earnestness to see him seldshown flamens do press among the popular throngs and puff to win a vulgar station or veild dames commit the war of white and damask in their nicelygawded cheeks to the wanton spoil of phoebus burning kisses such a pother as if that whatsoever god who leads him were slily crept into his human powers and gave him graceful posture
952,excellent place to stay while visiting pittsburgh
953,you have office workers you have patients with medical needs why isnt anyone answering the phone
954,another table of five came in and wham
955,the dentist wanted to extract it that day but i had plans for the weekend and was not about to be in pain
956,you get two free personal training sessions when you join
957,i had the carrot cake yummy
958,winners of items less than 50000 paid a 20 percent premium
959,menenius do not stand upont
960,this is when tables around us sat empty
961,the tee boxes look state of the art and the club house looks like something youll see on a newer course
962,second roman and i this
963,all i can say is the worst
964,sicinius why either were you ignorant to seet or seeing it of such childish friendliness to yield your voices
965,wing night is monday wednesday night 075 whole wings the dining area is nice
966,hehe
967,marcius let him alone he did inform the truth but for our gentlemen the common filea plague
968,i dont think id have this place on my list of musts for downtown
969,same overtime
970,wouldst thou have laughd had i come coffind home that weepst to see me triumph
971,the pair were thought to be the last of the surviving production puppets
972,unfortunately the frustration of being dr goldbergs patient is a repeat of the experience ive had with so many other doctors in nyc good doctor terrible staff
973,all hurt behind backs red and faces pale with flight and agued fear
974,first roman this will i carry to rome
975,finally lets you have the pit to hit into
976,that was huge
977,marcius is coming home he has more cause to be proud
978,is the senate possessed of this
979,the sentinel was that same clerkly youth aventano who had read to the soldiers that letter gian maria had sent gonzaga
980,first senator he cannot but with measure fit the honours which we devise him
981,brutus you see how he intends to use the people
982,i was given an antibiotic and instructed to schedule an appointment for the following saturday so they could start the bridge
983,crust was excellent too
984,our waitress was not knowledgable of all menu items and three of our very simple requests did not come out as ordered
985,coriolanus so then the volsces stand but as at first ready when time shall prompt them to make road
986,would the nobility lay aside their ruth and let me use my sword ill make a quarry with thousands of these quarterd slaves as high as i could pick my lance
987,cominius nay come away
988,i had french toast and bacon
989,virgilia i am glad to see your ladyship
990,coriolanus a match sir
991,we went there on a saturday night with a mind to try the irish food
992,when you are hearing a matter between party and party if you chance to be pinched with the colic you make faces like mummers set up the bloody flag against all patience and in roaring for a chamberpot dismiss the controversy bleeding the more entangled by your hearing all the peace you make in their cause is calling both the parties knaves
993,def a place everyone should try
994,here it is
995,terrible
996,you should avoid it at any time
997,valeria you would be another penelope yet they say all the yarn she spun in ulysses absence did but fill ithaca full of moths
998,he asks you to go change into a closet yes a closet to change in with one lightbulb but all my worries aside the moment he started working on my items i knew he was the real deal
999,order fried calamari and it was oknote to self next time try the calamari roman style like the dinning room with the hardwood floors and bright lighting
1000,outrageous there is so much possibility for ambiance in this restaurant but they miss the mark on service and atmosphere
1001,finally after a good 15 minutes of this torture he ripped the tooth out of the side of my jaw
1002,marcius let the first budger die the others slave and the gods doom him after
1003,coriolanus why this was known before
1004,coriolanus your horrors pardon i had rather have my wounds to heal again than hear say how i got them
1005,coriolanus thou wretch despite oerwhelm thee
1006,we ordered an app and it came out with the meals and that was another 20 minutes or so
1007,my husband i ate here a couple weeks ago for the first time
1008,lieutenant fear not our care sir
1009,if not why cease you till you are so
1010,marcius i am glad on t then we shall ha means to vent our musty superfluity
1011,aufidius o doubt not that i speak from certainties
1012,the coffee at this place was brewed to perfection which a appreciate
1013,if you are learnd be not as common fools if you are not let them have cushions by you
1014,valeria in earnest its true i heard a senator speak it
1015,brutus then our office may during his power go sleep
1016,in all fairness i did not see this dentist but did schedule an appointment and waited 15 minutes for them to open when i look at yelp reviews i usually weed out the outliers the best and the worst
1017,you should have said that as his worthy deeds did claim no less than what he stood for so his gracious nature would think upon you for your voices and translate his malice towards you into love standing your friendly lord
1018,cominius look sir your mother
1019,the dentist started the extraction
1020,a wager they have met
1021,virgilia o good madam there can be none yet
1022,we will not be back
1023,the food
1024,those were some big thick burgers
1025,i that now refused most princely gifts am bound to beg of my lord general
1026,great job jason
1027,the menu has a wide selection i really couldnt decide what i wanted but i went with the ribeye sandwich
1028,for an end we must suggest the people in what hatred he still hath held them that tos power he would have made them mules silenced their pleaders and dispropertied their freedoms holding them in human action and capacity of no more soul nor fitness for the world than camels in the war who have their provand only for bearing burdens and sore blows for sinking under them
1029,brutus whats the matter
1030,cominius go we to our tent the blood upon your visage dries tis time it should be lookd to come
1031,the nine studentrun outlets include three newspapers both a radio and television station and several magazines and journals
1032,third citizen nay your wit will not so soon out as another mans willtis strongly wedged up in a blockhead but if it were at liberty twould sure southward
1033,menenius why masters my good friends mine honest neighbours will you undo yourselves
1034,menenius you worthy tribunes sicinius he shall be thrown down the tarpeian rock with rigorous hands he hath resisted law and therefore law shall scorn him further trial than the severity of the public power which he so sets at nought
1035,make you a sword of me
1036,finally in spring 2008 an undergraduate journal for political science research beyond politics made its debut
1037,both times we never heard from them
1038,citizens down with him down with him
1039,brutus we stay here for the people
1040,that is where the good part ends why two stars if we have a nice deck now
1041,my drink sat empty throughout my meal and never got refilled even when i asked
1042,brutus it will be dangerous to go on no further
1043,i just got the tire and never needed to have it patched
1044,marcius five tribunes to defend their vulgar wisdoms of their own choice ones junius brutus sicinius velutus and i know notsdeath
1045,the nine studentrun outlets include three newspapers both a radio and television station and several magazines and journals
1046,i explained to her that there were too many indications where this was not going to be a good fit and wished her the best of luck i recommend if you see this dentist you go to the front door furthest away from the parking lot for the entrance poor recommendation because the staff who walked by me seemed to be distracted which was pointed out in a previous review
1047,whatever the price to be paid she must keep lassiter close to her she must shield from him the man who had led milly erne to cottonwoods
1048,brutus hes poor in no one fault but stored with all
1049,first senator the gods forbid
1050,fourth citizen you have been a scourge to her enemies you have been a rod to her friends you have not indeed loved the common people
1051,a fish tank with filthy slimy fingerprints smeared all over it is there for your enjoyment our food came no water to drink no tea medium temperature food
1052,coriolanus tell me of corn
1053,im serious
1054,cominius it is your former promise
1055,the room was clean and well maintained
1056,the sandwich has enough fish to make four sandwiches
1057,brutus you speak o the people as if you were a god to punish not a man of their infirmity
1058,when we came half of the menu board was still on breakfast and it was 430p
1059,so looking under one more bush certainly wouldnt hurt so off we go right at lunchtime in the middle ofwhere exactly were we
1060,after they gave me novocaine they get me with you need a bone graft also in that area since we are extracting that tooth
1061,the best time to visit is summer since budapest is very cold in winter
1062,the population of budapest is about three million and the city is a very popular place for tourists
1063,menenius i will make my very house reel tonight a letter for me
1064,finally in spring 2008 an undergraduate journal for political science research beyond politics made its debut
1065,simply put i love it here
1066,for your wants your suffering in this dearth you may as well strike at the heaven with your staves as lift them against the roman state whose course will on the way it takes cracking ten thousand curbs of more strong link asunder than can ever appear in your impediment
1067,it is actually a different hawkins
1068,coriolanus mine own desert
1069,brutus lets to the capitol and carry with us ears and eyes for the time but hearts for the event
1070,marcius o they are at it
1071,ive been informed by a fellow yelper that they are just closed for the season i hope theyre right
1072,they understand the concept of customer service
1073,first citizen well ill hear it sir yet you must not think to fob off our disgrace with a tale but an t please you deliver
1074,save yourself a lot of time money and pain
1075,the guy never really even apologized for the mistake
1076,we will never go back
1077,three soups mostly vegetable loaded which left me out basic iceberg lettuce mix very probably out of a bag a few veggie toppings and three or four dressings
1078,first senator your company to the capitol where i know our greatest friends attend us
1079,menenius sir sir sicinius peace
1080,aufidius the town is taen
1081,brutus we do it not alone sir
1082,our group of 7 had called a week ahead and were seated in the back of the far dining room right by a door where clinking pots pans and dishes were heard throughout our meal as well as a darth vader type noise coming from the ceiling vent
1083,the decor is tired and grimy the place reeked of smoke and the bartenderserver was surly to put it mildly
1084,immediately behind the basilica is the grotto a marian place of prayer and reflection
1085,yet welcome warriors we call a nettle but a nettle and the faults of fools but folly
1086,brutus mark you that
1087,will you dismiss the people
1088,first senator then worthy marcius attend upon cominius to these wars
1089,coriolanus i sometime lay here in corioli at a poor mans house he used me kindly he cried to me i saw him prisoner but then aufidius was within my view and wrath oerwhelmd my pity i request you to give my poor host freedom
1090,in addition to being the apple of my nostalgias eye it is also the constant thought of my tummy when im hungry on the weekends
1091,yeah i want that that that and that my friend also mentioned that they have a chicken parm special one day of the week that is only served until 4 pm and that it is fantastic
1092,architecturally the school has a catholic character
1093,had take out
1094,both well well sir well
1095,and now came fra domenico from the sacristy in the white chasuble that the church ordains for the corpus christi feast followed by a page in a clerkly gown of black and the mass commenced
1096,brutus what then sir
1097,seriously id rather eat at the og
1098,the dome yearbook is published annually
1099,first citizen it was an answer how apply you this
1100,window is opaque due to the grease so you cant hardly see inside
1101,brutus lay hands upon him
1102,the other magazine the juggler is released twice a year and focuses on student literature and artwork
1103,volumnia why i pray you
1104,no more i say
1105,menenius put them not tot pray you go fit you to the custom and take to you as your predecessors have your honour with your form
1106,second senator get you gone
1107,virgilia tis not to save labour nor that i want love
1108,the new range looks amazing
1109,associates are young teens and they really dont know where anything is
1110,they say theres grain enough
1111,the place is so pretty they have a new addition that was just built within the last 2 years according to my father in law and its really nice
1112,and fun patrons
1113,there are better diners in the area that i will patronize in the future rather than barbs
1114,while i was there i watched a lady rush in and demand 6 shirts to be altered in an hour and he did it and charged the same price
1115,sicinius hear me people peace
1116,i got pancakes bacon and eggs
1117,dont waste your time eating here
1118,i belong to this gym
1119,terrible service
1120,at sixteen years when tarquin made a head for rome he fought beyond the mark of others our then dictator whom with all praise i point at saw him fight when with his amazonian chin he drove the bristled lips before him be bestrid an oerpressd roman and i the consuls view slew three opposers tarquins self he met and struck him on his knee in that days feats when he might act the woman in the scene he proved best man i the field and for his meed was browbound with the oak
1121,brutus come come you are well understood to be a perfecter giber for the table than a necessary bencher in the capitol
1122,lartius he did my lord
1123,who knows because i wasnt informed
1124,brutus could you not have told him as you were lessond when he had no power but was a petty servant to the state he was your enemy ever spake against your liberties and the charters that you bear i the body of the weal and now arriving a place of potency and sway o the state if he should still malignantly remain fast foe to the plebeii your voices might be curses to yourselves
1125,sicinius heres he that would take from you all your power
1126,atop the main buildings gold dome is a golden statue of the virgin mary
1127,much better restaurants to visit
1128,menenius masters of the people your multiplying spawn how can he flatter thats thousand to one good onewhen you now see he had rather venture all his limbs for honour than one ons ears to hear it
1129,go on in a grab a beer and chat black and gold if you happen to be in carnegiethey can help you out all types of ways in that area
1130,i cant believe the doctor wouldnt give me a heads up to make sure my insurance would cover work that wasnt necessary and was strictly preventative
1131,cominius ay if you come not in the blood of others but mantled in your own
1132,second officer three they say but tis thought of every one coriolanus will carry it
1133,i even asked them to fill all the holes they dug up and didnt use and they only filled up one
1134,i called back a couple times with no real answers from the admin
1135,volumnia nay my good soldier up my gentle marcius worthy caius and by deedachieving honour newly named what is itcoriolanus must i call thee but o thy wife
1136,the carpets are just filthy and the walls match
1137,if any such be here as it were sin to doubtthat love this painting wherein you see me smeard if any fear lesser his person than an ill report if any think brave death outweighs bad life and that his countrys dearer than himself let him alone or so many so minded wave thus to express his disposition and follow marcius
1138,sicinius this a consul
1139,in fact the teeth are perfectly healthy
1140,coriolanus pray you now if it may stand with the tune of your voices that i may be consul i have here the customary gown
1141,coriolanus no sirtwas never my desire yet to trouble the poor with begging
1142,marcius sir it is and i am constant
1143,for the dearth the gods not the patricians make it and your knees to them not arms must help
1144,this place is obviously a beloved neighborhood gem
1145,when my friend told him of what had occurred the manager said what do you want me to do my friend said an apology would be a good start whereupon the manager looked back at him and said get out and dont come back
1146,volumnia good ladies lets go
1147,cushions leaden spoons irons of a doit doublets that hangmen would bury with those that wore them these base slaves ere yet the fight be done pack up down with them
1148,i cannot bring my tongue to such a pacelook sir my wounds
1149,finally the second week into construction my tiny 10x11 foot deck is done
1150,volumnia she shall she shall
1151,messenger spies of the volsces held me in chase that i was forced to wheel three or four miles about else had i sir half an hour since brought my report
1152,still with me its a tiny long bar just like the old irish pubs
1153,we recommend to you tribunes of the people our purpose to them and to our noble consul wish we all joy and honour
1154,the dome yearbook is published annually
1155,not to mention though that a good server wouldnt have served us that regardless
1156,meanwhile of course my wife and mom are eating their meals and my dad and i are sitting there with no meals
1157,cash only so put that plastic away only bad thing that could happen is some douche bag from the food network or travel channel will make this place famous and then ill never be able to get in
1158,while our waitress was a really nice girl she wasnt on top of anything at all
1159,marcius how far off lie these armies
1160,custom calls me tot what custom wills in all things should we dot the dust on antique time would lie unswept and mountainous error be too highly heapt for truth to oerpeer
1161,the people at the desk were all very pleasant and welcoming and quite willing to assist with any questions or issues with a smile
1162,he explores all options with you and is very patient and understanding
1163,menenius his nature is too noble for the world he would not flatter neptune for his trident or jove fors power to thunder
1164,sicinius have with you
1165,sicinius he cannot temperately transport his honours from where he should begin and end but will lose those he hath won
1166,this is by far the best dentist i have ever been to
1167,i added mushrooms it was very flavorful
1168,fore me this fellow speaks
1169,i have to say that i write this review with much regret because i have always loved papa js
1170,cominius should they not well might they fester gainst ingratitude and tent themselves with death
1171,all no more talking ont let it be done away away
1172,and they were quick to bill us for it but no word on where we were in the process
1174,i ate it
1175,the onions were huge chunks and the mushrooms were straight from a can
1176,menenius for corn at their own rates whereof they say the city is well stored
1177,why be that company
1178,i wasnt even given enough time to read the document so i should have known and got up and left right then and there
1179,it is a popular dennys
1180,also they do not keep the dishes pots and pans coffee makers toasters or utensils in the rooms
1181,it had modern furnishings and the staff were quite friendly ordered the quattro formaggi pizza
1182,it was upsetting that they left the deck dirty and all the dirt and cement they moved around wasnt cleaned up
1183,so we gamely tried to order other things
1184,really nice guy please go and support this business to keep him around town
1185,he has it now and by his looks methink tis warm at s heart
1186,and if you finish even a minute after 8 dont plan on getting a drink
1187,orange said he plans to give a portion of the proceeds to charity
1188,welcome to rome renowned coriolanus
1189,menenius o truebred
1190,menenius in what enormity is marcius poor in that you two have not in abundance
1191,valeria verily i do not jest with you there came news from him last night
1192,coriolanus no more of this it does offend my heart pray now no more
1193,marcius say has our general met the enemy
1194,i honestly would have rather had a fish sandwich from mcdonalds that night
1195,i fed my whole family breakfast 3 of us for 23
1196,coriolanus o you have i know petitiond all the gods for my prosperity
1197,i hope that through that glove people can see what he was trying to say in his music and what he said in his music
1198,messenger above an hour my lord
1199,second citizen would you proceed especially against caius marcius
1200,i could feel at home here you definitely want to hit mapquest or plug in your gps though
1201,thus we debase the nature of our seats and make the rabble call our cares fears which will in time break ope the locks o the senate and bring in the crows to peck the eagles
1202,classico is better
1203,i called and of course the receptionist was sassy and rude so i gave up
1204,meeting two such wealsmen as you arei cannot call you lycurgusesif the drink you give me touch my palate adversely i make a crooked face at it
1205,ive decided where i stand with emmert dental
1206,we walked in the front door and entered another world
1207,it was made with a very delicious crust nice and crisp not soggy like pesto pizza can get the one waitress we had jasmine was fantastic
1208,either way i cant wait to get my game on in the spring
1209,i dont know what dr goldberg was like before moving to arizona but let me tell you stay away from this doctor and this office
1210,but make you ready your stiff bats and clubs rome and her rats are at the point of battle the one side must have bale
1211,marcius may these same instruments which you profane never sound more
1212,which way do you judge my wit would fly
1213,btw they opened for the season this week although it has been golfing weather for a month
1214,first citizen i twice five hundred and their friends to piece em
1215,although the first impression through the door is charming and the aroma enticing as you enter this restaurant much can be improved upon for the prices asked for the dining experience
1216,i live in the south section of pittsburgh and i find that this gym is not too far from me
1217,i have run into this problem with many other doctors and i just dont get it
1218,how many stand for consulships
1219,its incomprehensible and not work the aggravation
1220,i was greeted by a large open garage style window that opened the whole lounge bar area to the street
1221,yes yes yes the senate has letters from the general wherein he gives my son the whole name of the war he hath in this action outdone his former deeds doubly valeria in troth theres wondrous things spoke of him
1222,coriolanus volumnia i have lived to see inherited my very wishes and the buildings of my fancy only theres one thing wanting which i doubt not but our rome will cast upon thee
1223,sicinius stop or all will fall in broil
1224,the gab and eat is famous and infamous
1225,it has 75000 codices from throughout history as well as 11 million printed books which include some 8500 incunabula
1226,sicinius you are at point to lose your liberties marcius would have all from you marcius whom late you have named for consul
1227,i give the prices 35 so in summary you can get okay food here for a rather cheap price but it is not a great place to dine in by any means
1228,there are always childrens toys scattered about the floor because the owners children are always there so be careful not to trip
1229,if a man there was among the soldiery at roccaleone with whom he deemed that he had an account to settle that man was aventano
1230,now mars i prithee make us quick in work that we with smoking swords may march from hence to help our fielded friends
1231,first of all the pizza wasnt even cut through and the sad attempt at cutting was so uneven that 4 of the slices were about an inch wide while the others were about 4 each
1232,whiles we have struck by interims and conveying gusts we have heard the charges of our friends
1233,we had two different people come to our house to give us estimates for a deck one of them the owner
1234,sicinius was ever man so proud as is this marcius
1235,you tribunes to the people
1236,brutus get you hence instantly and tell those friends they have chose a consul that will from them take their liberties make them of no more voice than dogs that are as often beat for barking as therefore kept to do so
1237,we adjust our vacations to make sure that we stop in to her office in pennsylvania at least once a year for cleaning and check ups worth the drive from florida
1238,frustrating situation
1239,the toppings were scarce they used mini pepperoni and put maybe 8 on the whole pizza
1240,the first time we were there almost 3 hours
1241,visitors like to take boat rides along the danube
1242,that it was no better than picturelike to hang by the wall if renown made it not stir was pleased to let him seek danger where he was like to find fame
1243,all speak speak
1244,begun as a onepage journal in september 1876 the scholastic magazine is issued twice monthly and claims to be the oldest continuous collegiate publication in the united states
1245,one member of our party walked up to the bar to let them know we were sitting on the couches along the wall as it was fairly busy that night
1246,lartius i shall my lord
1247,coriolanus saw you aufidius
1248,i was in my early sixties and hadnt exercised in a while
1249,brutus or let us stand to our authority or let us lose it
1250,i refused to go back to emmert dental
1251,sicinius where is this viper that would depopulate the city and be every man himself
1252,sicinius lets hence and hear how the dispatch is made and in what fashion more than his singularity he goes upon this present action
1253,he recommended to me that i get a physical and he knew i was a student because i told him
1254,lots of it and dirt cheap
1255,coriolanus i would they were barbariansas they are though in rome litterdnot romansas they are not though calved i the porch o the capitol menenius be gone put not your worthy rage into your tongue one time will owe another
1256,chapter vii
1257,menenius thats off thats off i would you rather had been silent
1258,ive had better believe me
1259,virgilia indeed no by your patience ill not over the threshold till my lord return from the wars
1260,location is in a business park area so it is quiet
1261,first soldier foolhardiness not i
1262,gab and eat was just what we were looking for on a saturday morning
1263,but it was oily
1264,i wont go back
1265,i would i were a roman for i cannot being a volsce be that i am
1266,the vatican library is open to anyone who can document their qualifications and research needs
1268,all caius marcius coriolanus
1269,this was my speech and i will speakt again menenius not now not now
1270,gonzaga had presented himself to valentina with the plausible tale that as the events of which fanfullas letter had given them knowledge might lead gian maria at any moment to desperate measures it might be well that he should reinforce the single manatarms patrolling the walls
1271,my pesto pasta had no flavor did not taste like a cream sauce to me the pesto was so runnywatery way too much sauce not enough noodles
1272,lartius hence and shut your gates upons
1273,but before you think we had an unusal experience that was all due to a poor server let me continue
1274,the only good point was that it was cheap and deservingly so
1275,the bar is very nice is well
1276,marcius tis done
1277,they also had great coffee
1278,when we informed our server of the mistake he didnt really believe us until he checked his order sheet and then he blamed the error on the chef
1279,the mats look like the carpet at my 107 year old aunt irenes house
1280,menenius down with that sword
1281,sicinius go call the people in whose name myself attach thee as a traitorous innovator a foe to the public weal obey i charge thee and follow to thine answer
1282,you soothed not therefore hurt not but your people i love them as they weigh
1283,all the gods assist you
1284,i had to hound them to get an answer about my bill
1285,o jupiter no blood
1286,besides beyond this thing she regarded as a sacred obligation thrust upon her was the need of a helper of a friend of a champion in this critical time
1287,sicinius why so he did i am sure
1289,having certain businesses with skill sets in your local neighborhood is important
1290,my insurance covers 100 of extractions
1291,cominius hath he not passd the noble and the common
1292,volumnia let her alone lady as she is now she will but disease our better mirth
1293,the pancakes were really good and fluffy the home fries were simply okay and the eggs were not cooked well
1294,im not looking for a handout but our experience was just plain awful that night
1295,the free wifi is usually fast
1296,by yond clouds let me deserve so ill as you and make me your fellow tribune
1297,but i beseech you what says the other troop
1298,all against him first hes a very dog to the commonalty
1299,first senator marcius nay let them follow the volsces have much corn take these rats thither to gnaw their garners
1300,i swear the full mixed grill had two pounds of food
1301,they are unprofessional rude and have no clue what theyre doing behind the desk
1302,next to the main building is the basilica of the sacred heart
1303,menenius sir i shall tell you
1304,my son had a burger and it was good
1305,god save thee noble consul
1306,round and round bells he walked plainly weakening all the time in his determination not to take one of janes favorite racers
1307,again it took a long time to get our food
1308,they didnt remake anything
1309,and after a visit to a very reputable dentist an endodontist and an oral surgeon i have to have oral surgery to try and repair the damage emmert dental has done to my mouth
1310,and i hate wasting food
1311,mend and charge home or by the fires of heaven ill leave the foe and make my wars on you look tot come on if youll stand fast well beat them to their wives as they us to our trenches followed
1312,cominius as i guess marcius their bands i the vaward are the antiates of their best trust oer them aufidius their very heart of hope
1313,from the minute we were seated we were greeted by a server that was clearly inexperienced and didnt know the menu
1314,sicinius tis right
1315,unfortunately my family decided to go here again tonight
1316,plus the prices are expensive for the amount of food you get of course the poor quality
1317,quite frankly the fish wasnt good at all
1318,as at most other universities notre dames students run a number of news media outlets
1319,are you kidding
1320,senators c weapons weapons weapons
1321,and by the way that item is on the menu as a regular item so whether or not the mistake was made by the server which we are sure it was or the chef who knows for certain
1322,sicinius what is the city but the people
1323,if these shows be not outward which of you but is four volsces
1324,cominius tis not a mile briefly we heard their drums how couldst thou in a mile confound an hour and bring thy news so late
1325,sicinius may they perceives intent
1326,the vatican secret archives were separated from the library at the beginning of the 17th century they contain another 150000 items
1327,it made no sense how could we order when the waitress wasnt coming to the table
1328,perhaps i should go back to the racially biased service of steak n shake instead
1329,in short unless you like your dinner with a side of disappointment and depression id probably avoid this place like the plague
1330,cominius help marcius help you that be noble help him young and old
1331,since they dont make appointments the wait to get the tire looked at was 2 hours
1332,we used a coupon from the paper for a 2 topping 8 cut sicilian
1333,very family friendly
1334,i am out of breath confusions near i cannot speak
1335,lay hands upon him and bear him to the rock
1336,menenius pray you be gone ill try whether my old wit be in request with those that have but little this must be patchd with cloth of any colour
1337,menenius nay these are almost thoroughly persuaded for though abundantly they lack discretion yet are they passing cowardly
1338,come blow thy blast
1339,with 35 million people it is now the biggest city in california and the second largest city in the united states
1340,they have lots of weights which my boyfriend uses and a decent cardio room
1341,unlike scholastic and the dome the observer is an independent publication and does not have a faculty advisor or any editorial oversight from the university
1342,architecturally the school has a catholic character
1343,menenius go get you to your house be gone away
1344,it took us forever to find but well worth it
1345,and if you have an issue with their billing practices dont expect to that resolved easily
1346,what art thou stiff
1347,marcius they fear us not but issue forth their city
1348,coriolanus most sweet voices
1349,he told us before we ordered that they had no pies
1350,menenius note me this good friend your most grave belly was deliberate not rash like his accusers and thus answerd true is it my incorporate friends quoth he that i receive the general food at first which you do live upon and fit it is because i am the storehouse and the shop of the whole body but if you do remember i send it through the rivers of your blood even to the court the heart to the seat o the brain and through the cranks and offices of man the strongest nerves and small inferior veins from me receive that natural competency whereby they live and though that all at once you my good friendsthis says the belly mark me first citizen ay sir well well
1351,my husbands pasta had even less flavor than mine
1352,i didnt feel welcome here
1353,another time and another place
1354,barbs country junction gets a 5 star rating for me because it is truly everything that a pittsburgh restaurant should be
1355,brutus he has no equal
1356,she missed 2 people on that side of the table failed to take their order and when we said something she said well they didnt speak up
1357,aufidius i am attended at the cypress grove i pray you tis south the city millsbring me word thither how the world goes that to the pace of it i may spur on my journey
1358,marcius here whats the matter
1359,in the story santas reindeer donner and his wife have a son rudolph who has the distinction of a nose that glows
1360,sicinius sir how comest that you have holp to make this rescue
1361,o my troth i looked upon him o wednesday half an hour together has such a confirmed countenance
1362,cominius breathe you my friends well fought we are come off like romans neither foolish in our stands nor cowardly in retire believe me sirs we shall be charged again
1363,they choose their magistrate and such a one as he who puts his shall his popular shall against a graver bench than ever frown in greece
1364,get it together murphys er i mean sullivanser i mean paddys or is it rileys
1365,lartius marcius his name
1366,the bar was jumping when i picked up our order the white pizza is so deliciouswith garlic spinach feta and added some veggies
1367,dr weinberg herself is very nice but i doubt her ability
1368,the steak if you an call it that was greyish instead of brown and looked like it was a processed meat chopped into pieces
1369,he pulled on my tooth used a metal instrument to pound on my tooth and was pulling so hard that my head was coming up and slamming back down against the head rest
1370,the nine studentrun outlets include three newspapers both a radio and television station and several magazines and journals
1371,please you to march and four shall quickly draw out my command which men are best inclined
1372,in my mind i imagine a tailor to be older kind of like my grandfather maybe with measuring tape around his neck textbook movie tailor so i was a bit trepidatious about dropping off my clothing
1373,no more smoking allowed
1374,first citizen i the great toe
1375,cominius on to the capitol
1376,you are ambitious for poor knaves caps and legs you wear out a good wholesome forenoon in hearing a cause between an orange wife and a fossetseller and then rejourn the controversy of three pence to a second day of audience
1377,first soldier will not you go
1378,slow over priced ill go elsewhere next time
1379,after a morning of thrift store hunting a friend and i were thinking of lunch and he suggested emils after hed seen chris sebak do a bit on it and had tried it a time or two before and i had not
1380,the vatican apostolic library more commonly called the vatican library or simply the vat is the library of the holy see located in vatican city
1381,so 2 weeks later i went in for the extraction
1382,the entire range appears to be turf which may or many not help your game but it looks really nice
1383,therefore be it known as to us to all the world that caius marcius wears this wars garland in token of the which my noble steed known to the camp i give him with all his trim belonging and from this time for what he did before corioli call him with all the applause and clamour of the host caius marcius coriolanus
1384,he must have not understood me because he just kept talking in circles
1385,first senator no more words we beseech you
1386,she didnt make sure that i had everything on my receipt and never even had the decency to apologize that i felt i was getting poor service ive eaten at various mcdonalds restaurants for over 30 years
1387,a fine spot in good faith
1388,valeria indeed la tis a noble child
1389,what a mistake
1390,everyone is friendly and has obviously been working there for a while
1391,virgilia no good madam i will not out of doors
1392,wing sauce is like water
1393,they had been taken home by a production company employee and given to her children after filming was completed
1394,i got new tires from them and within two weeks got a flat
1395,you talk of pride o that you could turn your eyes toward the napes of your necks and make but an interior survey of your good selves
1396,i cant say your worships have delivered the matter well when i find the ass in compound with the major part of your syllables and though i must be content to bear with those that say you are reverend grave men yet they lie deadly that tell you you have good faces
1397,immediately behind the basilica is the grotto a marian place of prayer and reflection
1398,lartius my horse to yours no
1399,brutus enough with overmeasure
1400,and so his face drawn and his body quivering with the excitement of what he was about to do gonzaga had repaired to the ramparts so soon as he had seen them all safely into chapel
1401,a steak went past for the table behind us
1402,volumnia i pray you daughter sing or express yourself in a more comfortable sort if my son were my husband i should freelier rejoice in that absence wherein he won honour than in the embracements of his bed where he would show most love
1403,all we will so almost all repent in their election
1404,i ended up with many stitches
1405,architecturally the school has a catholic character
1406,first soldier look sir
1407,lartius so the good horse is mine
1408,so holes are dug and equipment is put in my backyard and then nothing happens for two days
1409,bear the addition nobly ever
1410,titus lartius thou shalt see me once more strike at tullus face
1411,menenius for that being one o the lowest basest poorest of this most wise rebellion thou gost foremost thou rascal that art worst in blood to run leadst first to win some vantage
1412,second and most important make sure your insurance is going to cover dr goldbergs visits and blood work
1413,cominius whos yonder that does appear as he were flayd
1414,they always have the wine that i like and the food is always delicious
1415,he said they would have to do a survey of our land and get a permit from dormont before they started
1416,hoofah
1417,coriolanus and live you yet
1418,first senator not in this heat sir now
1419,rather than fool it so let the high office and the honour go to one that would do thus
1420,titus cominius noble marcius
1421,i suggest trying the flourless chocolate cake in the front of the store in the section where you can buy stuff to take home
1422,so apparently the part about how they wouldnt need access to my house changes to theyre drilling bolts into my house to secure he deck
1423,pretty much a lot of butter and some hot sauce franks red hot maybe
1424,brutus i heard him swear were he to stand for consul never would he appear i the marketplace nor on him put the napless vesture of humility nor showing as the manner is his wounds to the people beg their stinking breaths
1425,volumnia these are the ushers of marcius before him he carries noise and behind him he leaves tears death that dark spirit in s nervy arm doth lie which being advanced declines and then men die
1426,i always love a good diner
1427,better it is to die better to starve than crave the hire which first we do deserve
1428,marcius were half to half the world by the ears and he
1429,will definitely be back
1430,not a call not the estimate nothing
1431,so i signed everything
1432,potatoes eggs sausage bacon and italian toast
1433,hes been great over the years and is really all about the big picture
1434,seriously i could have easily made what we had with jarred sauce and boxed pasta at home
1435,all that food plus coffee and tip for around ten bucks
1436,she came back cut the cake all crazy with some huge pieces and some super small pieces like she never in her life cut a sheet cake and we didnt even sing
1437,coriolanus at antium lives he
1438,and he does things the correct way
1439,first citizen the price is to ask it kindly
1440,al finally got in touch with me and the conversation was utterly confusing
1441,prithee virgilia turn thy solemness out o door
1442,the veggies were old and wilted and there was no dressing on either
1443,if the wars eat us not up they will and theres all the love they bear us
1444,the omelets are really tastey especially with their homemade sausage
1445,they did not acknowledge me the door i was at had signage open hours
1446,third citizen how not your own desire
1447,we each had a reuben and my friend had a side of fries
1448,hurrah
1449,tutus aufidius is he within your walls
1450,valeria fie you confine yourself most unreasonably come you must go visit the good lady that lies in
1451,they say poor suitors have strong breaths they shall know we have strong arms too
1452,coriolanus i wish i had a cause to seek him there to oppose his hatred fully
1453,he runs away after being made to feel an outcast and links up with an elf who dreams of becoming a dentist and an adventurer seeking silver and gold
1454,coriolanus bid them wash their faces and keep their teeth clean
1455,of all the horses whereof we have taen good and good store of all the treasure in this field achieved and city we render you the tenth to be taen forth before the common distribution at your only choice
1456,the office cant do anything to help me cover the bill
1457,i took the tire over to flynns and they told me that someone punctured my tire then tried to patch it
1458,coriolanus it is a purposed thing and grows by plot to curb the will of the nobility suffert and live with such as cannot rule nor ever will be ruled
1459,now i have to go thru oral surgery more pain and suffering and more time missed from work because of emmert dental
1460,aufidius wert thou the hector that was the whip of your braggd progeny thou shouldst not scape me here
1461,what are you sewing here
1462,but i have yet to have a decent experience at this store
1463,when you create a construction project isnt it just good business to clean it up and make it look nice
1464,ive always thought that the secrets of restaurant success is to actually stock food for people to eat
1465,the story of the reindeer who saves christmas is beloved among children and adults alike
1466,i will start by saying we have a nice new deck
1467,of course its cold just like the room i never took my jacket off
1468,hopefully since its for sale it will reopen as a golf facility again
1469,we were the only 2 people in the place for lunch the place was freezing and loaded with kids toys
1470,if you can stomach the wait no reservations naturally youll enjoy overflowing plates of goodness thanks to the wellseasoned griddle where all of the food is made
1471,second citizen we may sir if we will
1472,menenius o sir you are not right have you not known the worthiest men have donet
1473,good food
1474,citizens lets hear our tribune peace speak speak speak
1475,first citizen he has our voices sir
1476,i was upset and contacted the company owner dave by email
1477,valeria well then farewell
1478,ill pass on this place if my family decides to go again
1479,i sin in envying his nobility and were i any thing but what i am i would wish me only he
1480,sicinius menenius you are known well enough too
1481,chapter xxiv
1482,i cant pay for my bill because im a student and dont have any cash flow at this current time
1483,i noticed some sort of batting cage but it looks like those are out of order as well
1484,the best hope is that the owner sells it to someone that actually wants to make money and service golfers in pittsburgh
1485,officious and not valiant you have shamed me in your condemned seconds
1486,finally in spring 2008 an undergraduate journal for political science research beyond politics made its debut
1487,so here comes a brace
1488,brutus come well inform them of our proceedings here on the marketplace i know they do attend us
1489,at this point the meal had been sitting because it took us forever to flag this guy down again so the trout was basically cold
1490,if you are searching for a go to fish place for lentlook no further
1491,the newspapers have varying publication interests with the observer published daily and mainly reporting university and other news and staffed by students from both notre dame and saint marys college
1492,good place to watch a game
1493,sicinius has spoken like a traitor and shall answer as traitors do
1494,marcius those are they that most are willing
1495,i give the service 25 the inside of the place had some country charm as youd expect but want particularly cleanly
1496,i have your alms adieu
1497,in march 2014 the vatican library began an initial fouryear project of digitising its collection of manuscripts to be made available online
1498,sicinius sir the people must have their voices neither will they bate one jot of ceremony
1499,i would they would forget me like the virtues which our divines lose by em
1500,saved his tip by discounting meal after i complained
1501,cominius if i should tell thee oer this thy days work thouldst not believe thy deeds but ill report it where senators shall mingle tears with smiles where great patricians shall attend and shrug i the end admire where ladies shall be frighted and gladly quaked hear more where the dull tribunes that with the fusty plebeians hate thine honours shall say against their hearts we thank the gods our rome hath such a soldier
1502,immediately in front of the main building and facing it is a copper statue of christ with arms upraised with the legend venite ad me omnes
1503,i try to keep it as local as possible so when i heard about a tailor in carnegie i was intrigued
1504,he said what do you want me to do about it and said they had a busy night
1505,they only have pepsi products so i had a brewed iced tea which was very fresh and she did pop by to ask about refills as often as she could
1506,there is no oven which i expected as the descriptions all state full kitchen so be aware of that
1507,it was a basic salad no big deal
1508,cominius though i could wish you were conducted to a gentle bath and balms applied to you yet dare i never deny your asking take your choice of those that best can aid your action
1509,methinks i hear hither your husbands drum see him pluck aufidius down by the hair as children from a bear the volsces shunning him methinks i see him stamp thus and call thus come on you cowards
1510,unfortunately there are only two reviews it was my first time at the office
1511,my food was cold and bland my kids food was cold
1512,second senator noble aufidius take your commission hie you to your bands let us alone to guard corioli if they set down before s for the remove bring your army but i think youll find theyve not prepared for us
1513,officer he doth appear
1514,it was stunning
1515,menenius for tis a sore upon us you cannot tent yourself be gone beseech you
1516,the plates are too small you food spills over onto some semiclean tables as you sit in your completely worn out booth seat
1517,this place is absolute garbage half of the tees are not available including all the grass tees
1518,menenius one i the neck and two i the thightheres nine that i know
1519,next to the main building is the basilica of the sacred heart
1520,it is a replica of the grotto at lourdes france where the virgin mary reputedly appeared to saint bernadette soubirous in 1858
1521,the belly answerd first citizen well sir what answer made the belly
1522,what chinese restaurant does not have hot tea available upon request over all my first and last visit to this place
1523,it was one thing after another with our server
1524,cominius you have fought together
1525,let deeds express whats like to be their words we did request it we are the greater poll and in true fear they gave us our demands
1526,oh they are cash only also bottom line this place sucks
1527,if you see this in the map of my microcosm follows it that i am known well enough too
1528,unlike scholastic and the dome the observer is an independent publication and does not have a faculty advisor or any editorial oversight from the university
1529,second officer he hath deserved worthily of his country and his ascent is not by such easy degrees as those who having been supple and courteous to the people bonneted without any further deed to have them at an into their estimation and report but he hath so planted his honours in their eyes and his actions in their hearts that for their tongues to be silent and not confess so much were a kind of ingrateful injury to report otherwise were a malice that giving itself the lie would pluck reproof and rebuke from every ear that heard it
1530,marcius then shall we hear their larum and they ours
1531,peace peace peace
1532,or had you tongues to cry against the rectorship of judgment
1533,this is a regular goto for me
1534,far away from real chinese food
1535,how does your little son
1536,third citizen he said he had wounds which he could show in private and with his hat thus waving it in scorn i would be consul says he aged custom but by your voices will not so permit me your voices therefore
1537,ive lived in pittsburgh for 6 years and in carnegie for over 2 years and by far this is the best greasy spoon joint ive found
1538,first citizen we cannot sir we are undone already
1539,italian dinners american endless soup and salad bar is great
1540,barbs breakfasts cannot be beat but truly any meal you get there you wont regret
1541,neither paper is published as often as the observer however all three are distributed to all students
1542,sicinius this deserves death
1543,brutus by the consent of all we were establishd the peoples magistrates
1544,brutus with a proud heart he wore his humble weeds
1545,great bar
1546,also they make the best pizza in town hands down
1547,menenius what what
1548,ive been to this office a good amount of times
1549,all we knowt we knowt
1550,you will not be able to finish this sandwich in one seating enjoy
1551,this is the way to kindle not to quench
1552,on whom depending their obedience fails to the greater bench in a rebellion when whats not meet but what must be was law then were they chosen in a better hour let what is meet be said it must be meet and throw their power i the dust
1553,ridiculous
1554,i expect and want a full refund
1555,so i reluctantly agreed
1556,if you want them you have to request them at the desk during check in
1557,i tell thee daughter i sprang not more in joy at first hearing he was a manchild than now in first seeing he had proved himself a man
1558,very overpriced for the quality and service
1559,he was a true salesman ill tell you that
1560,our fish was served to us again with little pieces of spinach and mushrooms sticking all over it
1561,virgilia a crack madam
1562,none of you but is able to bear against the great aufidius a shield as hard as his
1563,i have never been so uncomfortable in my life
1564,coriolanus it is apart that i shall blush in acting and might well be taken from the people
1565,sullivans pour house from 19952002
1566,your virtue is to make him worthy whose offence subdues him and curse that justice did it
1567,whose rage doth rend like interrupted waters and oerbear what they are used to bear
1568,once we got through that process i waited over 2 hours for them to be put on
1569,oh and a side of toast
1570,coriolanus i do beseech you let me oerleap that custom for i cannot put on the gown stand naked and entreat them for my wounds sake to give their suffrage please you that i may pass this doing
1571,yet though she could not have spoken aloud all she meant she was perfectly honest with herself
1572,likewise in 2003 when other students believed that the paper showed a liberal bias the conservative paper irish rover went into production
1573,coriolanus on fair ground i could beat forty of them
1574,thank you gab n eat
1575,brutus let them go on this mutiny were better put in hazard than stay past doubt for greater if as his nature is he fall in rage with their refusal both observe and answer the vantage of his anger
1576,lartius o noble fellow
1577,i give the interior 25 the prices were decent
1578,there was no one filling up water my biggest complaint however is what happened with our meals
1579,there are better restaurants in carnegie
1580,pittsburgh dad would love this place nat
1581,menenius the senate coriolanus are well pleased to make thee consul
1582,second patrician i would they were abed
1583,marcius i thank you general but cannot make my heart consent to take a bribe to pay my sword i do refuse it and stand upon my common part with those that have beheld the doing
1584,the wet cajun are by the best most popular
1585,i would not go back
1586,this was supposed to be a new tire
1587,unlike scholastic and the dome the observer is an independent publication and does not have a faculty advisor or any editorial oversight from the university
1589,while i was waiting on my food which took much longer than usual the inspector was pointing out violations
1590,both well sir
1591,brutus so it must fall out to him or our authorities
1592,i got the physical done
1593,herald give way there and go on
1594,budapest for many centuries budapest was two cities with buda on the west side of the river danube and pest on the east side
1595,yet camest thou to a morsel of this feast having fully dined before
1596,apparently we were out of luck
1597,makes it a good tool to figure out how far you actually are hitting the ball
1598,but neither cashier was anywhere near those controls and the manager was the one serving food to customers and clearing the boards the manager was rude when giving me my order
1599,first citizen notis his kind of speech he did not mock us
1600,i bought a three month membership last year mainly to attend the silver sneakers classes
1601,third citizen you must think if we give you any thing we hope to gain by you
1602,were i as patient as the midnight sleep by jove twould be my mind
1603,the first answer he came back with was that the chicken came in a preportioned prepared bag kind of kentucky fried chicken stylewhich didnt answer my question thus prompting the second trip
1604,fellow motown star walter clyde orange of the commodores who also performed in the special 26 years ago said he asked for jacksons autograph at the time but jackson gave him the glove instead
1605,marcius sir praise me not my work hath yet not warmd me fare you well the blood i drop is rather physical than dangerous to me to aufidius thus i will appear and fight
1606,the interrupted mass the morning of that wednesday of corpus christi fateful to all concerned in this chronicle dawned misty and grey and the air was chilled by the wind that blew from the sea
1607,sicinius besides if things go well opinion that so sticks on marcius shall of his demerits rob cominius
1608,the rest of my items were just as perfect
1609,you are plebeians if they be senators and they are no less when both your voices blended the greatst taste most palates theirs
1610,sicinius have you ere now denied the asker
1611,it seems that his staff simply never answers the phone
1612,bold gentleman prosperity be thy page
1613,waiter disappeared for 45 minutes to serve larger group due to staffing mismanagement
1614,ambiance like i said left much to be desired
1615,sicinius how now my masters
1616,why not be an upstanding company that consumers can trust
1617,30 minutes to get a glass of wine
1618,cominius too modest are you more cruel to your good report than grateful to us that give you truly by your patience if gainst yourself you be incensed well put you like one that means his proper harm in manacles then reason safely with you
1619,i told him how frustrated i was about the lack of communication
1620,this led to us waiting another 30 minutes for him to correct it
1621,sicinius say you chose him more after our commandment than as guided by your own true affections and that your minds preoccupied with what you rather must do than what you should made you against the grain to voice him consul lay the fault on us
1622,she got the order messed up and so on
1623,just dont go hungry if you actually have tastebuds from what i understand it used to be really good homecooked food
1624,my dad and i both ordered the trout special trout with roasted red peppers and lump crabmeat
1625,it is cash only and they sell the last bucket at 8 despite having lights
1626,brutus lay a fault on us your tribunes that we laboured no impediment between but that you must cast your election on him
1627,brutus did you perceive he did solicit you in free contempt when he did need your loves and do you think that his contempt shall not be bruising to you when he hath power to crush
1628,now put your shields before your hearts and fight with hearts more proof than shields
1629,great little gem
1630,lead their successes as we wish our own that both our powers with smiling fronts encountering may give you thankful sacrifice
1631,it was delicious
1632,sat in the back room instead of the bar which felt more like a restaurant of course with the big screen tv covering the sports of the moment i was in the mood for dinner this time and after a scan decided on fried chicken and mashed potatoes with the salad bar
1633,i have never had any issues with bone loss with previous extractions so i didnt feel it was necessary
1634,marcius i have some wounds upon me and they smart to hear themselves rememberd
1635,but for one to still fail so spectacularlythat takes something special the cashier took my friendss order then promptly ignored me
1636,menenius what works my countrymen in hand
1637,there is no grass on the range
1638,if only i could get there on that week day before 4 the waitress did a good job especially since there was quite a growing crowd at lunchtime on a saturday and only one of her
1639,not to be repeated never again
1640,cominius i shall lack voice the deeds of coriolanus should not be utterd feebly
1641,menenius it then remains that you do speak to the people
1642,later i found out my health insurance doesnt pay for preventative visits
1643,rudolph the rednosed reindeer premiered on television december 6 1964 and is now one of the holiday seasons perennial favorites
1644,marcius all the contagion of the south light on you you shames of rome
1645,they know the corn was not our recompense resting well assured that neer did service fort being pressd to the war even when the navel of the state was touchd they would not thread the gates
1646,well the chicken was prepackaged dreck like youd find in the freezer case of walmart tiny and not good and the potatoes had that slight tinge of chemspuds flavor laden with some kind of chopped up green parsley
1647,average run of the mill store
1648,cominius i could myself take up a brace o the best of them yea the two tribunes but now tis odds beyond arithmetic and manhood is calld foolery when it stands against a falling fabric
1649,it is a replica of the grotto at lourdes france where the virgin mary reputedly appeared to saint bernadette soubirous in 1858
1650,they also appeared to be from a freezer bag the irony was that the boy who didnt know white meat from dark meat was chatting with some other customersabout baseballand he was a genius about the mindless sport of baseball
1651,though marcius earned them not and all his faults to marcius shall be honours though indeed in aught he merit not
1652,fresh ingredients simple preparation reasonable prices
1653,for under 5 if i recall huge portions all wellexecuted as good as delucas ive not had anything besides breakfast so cant comment on the burger or anything else cramped quarters and youll have to wait but when nothing but monster morning food will do this is the destination
1654,brutus callt not a plot the people cry you mockd them and of late when corn was given them gratis you repined scandald the suppliants for the people calld them timepleasers flatterers foes to nobleness
1655,also keep in mind that my wife still had not gotten the water she had been asking for and my iced tea had been refilled with a soda yes believe that or not
1656,menenius on both sides more respect
1657,the reubens were decent but not ny awesome
1658,if you like being greeted in the morning by a gym worker slopping down eggs from a frying pany instead of workingthis is your gymcomplain to the manager and she gets nastytry getting in touch with the ownerimpossible
1659,cominius so to our tent where ere we do repose us we will write to rome of our success
1660,all the food is great here
1661,menenius lets be calm
1662,i could weep and i could laugh i am light and heavy
1663,go sound thy trumpet in the marketplace call thither all the officers o the town where they shall know our mind away
1664,virgilia o no no no
1665,the italian food was amazing but you can not leave without a dessert and be prepared for giant serving
1666,first senator speak good cominius leave nothing out for length and make us think rather our states defective for requital than we to stretch it out
1667,are you lords o the field
1668,my friend is well traveled and frequently stays at higher end hotels and dines at quality restaurants
1669,second citizen amen sir to my poor unworthy notice he mockd us when he beggd our voices
1670,i eat there almost every time i visit and everything ive ever ordered has been fantastic
1671,yay im a fan of the white pizza
1672,the third and last issue i have is that i always paid cash at the end of my visits and somehow i have received an invoice for 55
1673,brutus say you neer had donet harp on that stillbut by our putting on and presently when you have drawn your number repair to the capitol
1674,the items were done in a timely manner
1675,i didnt know any better so i agreed to schedule the extraction for a few weeks later
1676,francesco and his two followers
1677,coriolanus to brag unto them thus i did and thus show them the unaching scars which i should hide as if i had received them for the hire of their breath only
1678,i completely understand that waiting on the permit is not their fault but why no communication about it
1679,my first time going to barbs country junction and i really wanted to like this place i really didhowever i didnt the food was decent some was above average and some below but it was overall decent
1680,all welcome to rome renowned coriolanus
1681,sicinius when we were chosen tribunes for the people brutus markd you his lip and eyes
1682,fantastic wings that are crispy and delicious wing night on tuesday and thursday
1683,i asked what chicken pieces came in the dinner and asked if it was possible to only get dark meat
1684,finally i called and left messages
1685,i was told that part of the tooth had broken off and that a crown was no longer possible
1686,decent mats clean balls and accessible hours
1687,90 of the time when you call the office theyll put you through to a voice mail that no one ever answers or returns your call
1688,sicinius especially in pride
1689,i will not be going back nor will i have nice things to say about them
1690,but apparently mama has left the kitchen
1691,marcius o let me clip ye in arms as sound as when i wood in heart as merry as when our nuptial day was done and tapers burnd to bedward
1692,we took it home it was so bad i didnt even eat my leftovers
1693,coriolanus though there the people had more absolute power i say they nourishd disobedience fed the ruin of the state
1694,both citizens the gods give you joy sir heartily
1695,a certain number though thanks to all must i select from all the rest shall bear the business in some other fight as cause will be obeyd
1696,food unremarkable
1697,first senator to unbuild the city and to lay all flat
1698,begun as a onepage journal in september 1876 the scholastic magazine is issued twice monthly and claims to be the oldest continuous collegiate publication in the united states
1699,if you want smth quick and it is late at night then i would say dennys
1700,virgilia yes certain theres a letter for you i sawt
1701,first citizen i say unto you what he hath done famously he did it to that end though softconscienced men can be content to say it was for his country he did it to please his mother and to be partly proud which he is even till the altitude of his virtue
1702,and to make matters even worse his office staff is incompetent
1703,a little too thick on the bread but overall tasty and definitely filling
1704,volumnia naytis true
1705,i was originally told it would take 30 mins
1706,what would you have you curs that like nor peace nor war
1707,in addition the office staff said the onus is on me to make sure my insurance covers visits
1708,the worst part though was the thick doughy crust that tasted more like a fishy sourdough roll
1709,menenius either you must confess yourselves wondrous malicious or be accused of folly
1710,coriolanus whoever gave that counsel to give forth the corn o the storehouse gratis as twas used sometime in greece menenius well well no more of that
1711,she is honest and never trys to sell you a bunch a stuff that you dont need
1712,menenius this is strange now do you two know how you are censured here in the city i mean of us o the righthand file
1713,we were celebrating 2 birthdays we loved the food it was delicious
1714,he that depends upon your favours swims with fins of lead and hews down oaks with rushes
1715,it is a replica of the grotto at lourdes france where the virgin mary reputedly appeared to saint bernadette soubirous in 1858
1716,brutus why shall the people give one that speaks thus their voice
1717,very thorough and wants to be kept in the loop on every aspect of your medical health and your life
1718,fast and friendly service
1719,who deserves greatness deserves your hate and your affections are a sick mans appetite who desires most that which would increase his evil
1720,at the end of the main drive and in a direct line that connects through 3 statues and the gold dome is a simple modern stone statue of mary
1721,i swear this guy must have just looked at the menu for the first time a few minutes ago but it wasnt just the knowledge of the menu
1722,i find it strange they dont keep their phone number in service with a recording and that they didnt cover the course up to protect it from weather vandalism etc
1723,the last and final time i ordered here i just so happened to be picking up my order while a health inspector from allegheny county health department was making his rounds
1724,have you not set them on
1725,marcius i do beseech you by all the battles wherein we have fought by the blood we have shed together by the vows we have made to endure friends that you directly set me against aufidius and his antiates and that you not delay the present but filling the air with swords advanced and darts we prove this very hour
1726,i have contacted the bbb and a lawyer
1727,being i the war their mutinies and revolts wherein they showd most valour spoke not for them the accusation which they have often made against the senate all cause unborn could never be the motive of our so frank donation
1728,he takes his business very seriously
1729,speak i pray you
1730,an extraction on the tooth that just had a root canal
1731,menenius our very priests must become mockers if they shall encounter such ridiculous subjects as you are
1732,if we and caius marcius chance to meet tis sworn between us we shall ever strike till one can do no more
1733,they caused a very large deformity in my jaw and i am at risk to lose additional teeth
1734,first officer no more of him he is a worthy man make way they are coming
1735,first senator no nor a man that fears you less than he thats lesser than a little
1736,i was literally ganging from all the blood running down the back of my throat
1737,marcius how lies their battle
1738,sicinius thus to have said as you were foreadvised had touchd his spirit and tried his inclination from him pluckd either his gracious promise which you might as cause had calld you up have held him to or else it would have galld his surly nature which easily endures not article tying him to aught so putting him to rage you should have taen the advantage of his choler and passd him unelected
1739,i prithee noble friend home to thy house leave us to cure this cause
1740,valeria how do you both
1741,its actually pretty funny if youre not a hungry or b thirsty
1742,at that point realizing that the only food to be had in the place was what was crusted on the menus we asked to pay for our drinks and left
1743,i took this for silver
1744,go you to the city learn how tis held and what they are that must be hostages for rome
1745,ay i warrant you and not without his true purchasing
1746,pain severe enough that i had to call off work and i couldnt sleep at night
1747,first senator marcius tis true that you have lately told us the volsces are in arms
1748,the other magazine the juggler is released twice a year and focuses on student literature and artwork
1749,menenius though all at once cannot see what i do deliver out to each yet i can make my audit up that all from me do back receive the flour of all and leave me but the bran
1750,godden to your worships more of your conversation would infect my brain being the herdsmen of the beastly plebeians i will be bold to take my leave of you
1751,you are three that rome should dote on yet by the faith of men we have some old crabtrees here at home that will not be grafted to your relish
1752,did i mention that
1753,okay so hopefully you havent been enjoying happy hour rileys pour house before you read this or you might not be able to follow the lilting irish owners
1754,mind you this was the end of may we met with him
1755,tis thought that marcius shall be consul i have seen the dumb men throng to see him and the blind to bear him speak matrons flung gloves ladies and maids their scarfs and handkerchers upon him as he passd the nobles bended as to joves statue and the commons made a shower and thunder with their caps and shouts i never saw the like
1756,if it were up to me i would have never returned
1757,menenius because you talk of pride nowwill you not be angry
1759,huge sandwich
1760,coriolanus no sir yet oft when blows have made me stay i fled from words
